team,year,round,score,home_away
gws,2012,R1,37.0,Home
swans,2012,R1,100.0,Away
richmond,2012,R1,81.0,Home
carlton,2012,R1,125.0,Away
hawthorn,2012,R1,137.0,Home
collingwood,2012,R1,115.0,Away
melbourne,2012,R1,78.0,Home
brisbanel,2012,R1,119.0,Away
goldcoast,2012,R1,68.0,Home
adelaide,2012,R1,137.0,Away
fremantle,2012,R1,105.0,Home
geelong,2012,R1,101.0,Away
kangaroos,2012,R1,102.0,Home
essendon,2012,R1,104.0,Away
bullldogs,2012,R1,87.0,Home
westcoast,2012,R1,136.0,Away
padelaide,2012,R1,89.0,Home
stkilda,2012,R1,85.0,Away
brisbanel,2012,R2,63.0,Home
carlton,2012,R2,154.0,Away
essendon,2012,R2,111.0,Home
padelaide,2012,R2,86.0,Away
swans,2012,R2,94.0,Home
fremantle,2012,R2,81.0,Away
westcoast,2012,R2,166.0,Home
melbourne,2012,R2,58.0,Away
adelaide,2012,R2,82.0,Home
bullldogs,2012,R2,64.0,Away
collingwood,2012,R2,85.0,Home
richmond,2012,R2,64.0,Away
kangaroos,2012,R2,183.0,Home
gws,2012,R2,54.0,Away
stkilda,2012,R2,139.0,Home
goldcoast,2012,R2,47.0,Away
geelong,2012,R2,92.0,Home
hawthorn,2012,R2,90.0,Away
carlton,2012,R3,122.0,Home
collingwood,2012,R3,62.0,Away
richmond,2012,R3,133.0,Home
melbourne,2012,R3,74.0,Away
padelaide,2012,R3,83.0,Home
swans,2012,R3,105.0,Away
fremantle,2012,R3,64.0,Home
brisbanel,2012,R3,35.0,Away
goldcoast,2012,R3,88.0,Home
essendon,2012,R3,105.0,Away
bullldogs,2012,R3,40.0,Home
stkilda,2012,R3,103.0,Away
gws,2012,R3,69.0,Home
westcoast,2012,R3,150.0,Away
hawthorn,2012,R3,140.0,Home
adelaide,2012,R3,84.0,Away
kangaroos,2012,R3,131.0,Home
geelong,2012,R3,114.0,Away
stkilda,2012,R4,79.0,Home
fremantle,2012,R4,92.0,Away
carlton,2012,R4,79.0,Home
essendon,2012,R4,109.0,Away
collingwood,2012,R4,97.0,Home
padelaide,2012,R4,73.0,Away
adelaide,2012,R4,96.0,Home
gws,2012,R4,50.0,Away
westcoast,2012,R4,51.0,Home
hawthorn,2012,R4,46.0,Away
brisbanel,2012,R4,111.0,Home
goldcoast,2012,R4,46.0,Away
geelong,2012,R4,75.0,Home
richmond,2012,R4,65.0,Away
swans,2012,R4,113.0,Home
kangaroos,2012,R4,77.0,Away
melbourne,2012,R4,67.0,Home
bullldogs,2012,R4,88.0,Away
collingwood,2012,R5,80.0,Home
essendon,2012,R5,79.0,Away
fremantle,2012,R5,57.0,Home
carlton,2012,R5,65.0,Away
gws,2012,R5,62.0,Home
bullldogs,2012,R5,104.0,Away
kangaroos,2012,R5,127.0,Home
goldcoast,2012,R5,93.0,Away
melbourne,2012,R5,66.0,Home
stkilda,2012,R5,84.0,Away
brisbanel,2012,R5,41.0,Home
geelong,2012,R5,79.0,Away
hawthorn,2012,R5,69.0,Home
swans,2012,R5,106.0,Away
richmond,2012,R5,97.0,Home
westcoast,2012,R5,107.0,Away
adelaide,2012,R5,110.0,Home
padelaide,2012,R5,91.0,Away
bullldogs,2012,R6,77.0,Home
collingwood,2012,R6,98.0,Away
essendon,2012,R6,129.0,Home
brisbanel,2012,R6,62.0,Away
geelong,2012,R6,119.0,Home
melbourne,2012,R6,76.0,Away
goldcoast,2012,R6,87.0,Home
fremantle,2012,R6,94.0,Away
swans,2012,R6,94.0,Home
adelaide,2012,R6,99.0,Away
stkilda,2012,R6,88.0,Home
hawthorn,2012,R6,123.0,Away
carlton,2012,R6,110.0,Home
gws,2012,R6,43.0,Away
padelaide,2012,R6,54.0,Home
richmond,2012,R6,91.0,Away
westcoast,2012,R6,120.0,Home
kangaroos,2012,R6,95.0,Away
melbourne,2012,R7,49.0,Home
hawthorn,2012,R7,115.0,Away
adelaide,2012,R7,122.0,Home
geelong,2012,R7,72.0,Away
gws,2012,R7,94.0,Home
goldcoast,2012,R7,67.0,Away
richmond,2012,R7,91.0,Home
swans,2012,R7,62.0,Away
brisbanel,2012,R7,58.0,Home
collingwood,2012,R7,116.0,Away
essendon,2012,R7,113.0,Home
westcoast,2012,R7,52.0,Away
kangaroos,2012,R7,83.0,Home
bullldogs,2012,R7,101.0,Away
fremantle,2012,R7,87.0,Home
padelaide,2012,R7,47.0,Away
stkilda,2012,R7,122.0,Home
carlton,2012,R7,98.0,Away
collingwood,2012,R8,96.0,Home
geelong,2012,R8,84.0,Away
padelaide,2012,R8,95.0,Home
kangaroos,2012,R8,93.0,Away
hawthorn,2012,R8,119.0,Home
fremantle,2012,R8,63.0,Away
swans,2012,R8,138.0,Home
melbourne,2012,R8,37.0,Away
bullldogs,2012,R8,72.0,Home
goldcoast,2012,R8,34.0,Away
essendon,2012,R8,128.0,Home
richmond,2012,R8,109.0,Away
brisbanel,2012,R8,132.0,Home
gws,2012,R8,40.0,Away
carlton,2012,R8,55.0,Home
adelaide,2012,R8,124.0,Away
westcoast,2012,R8,121.0,Home
stkilda,2012,R8,91.0,Away
bullldogs,2012,R9,75.0,Home
geelong,2012,R9,95.0,Away
richmond,2012,R9,137.0,Home
hawthorn,2012,R9,75.0,Away
goldcoast,2012,R9,70.0,Home
padelaide,2012,R9,118.0,Away
stkilda,2012,R9,111.0,Home
swans,2012,R9,83.0,Away
adelaide,2012,R9,49.0,Home
collingwood,2012,R9,75.0,Away
gws,2012,R9,53.0,Home
essendon,2012,R9,119.0,Away
kangaroos,2012,R9,112.0,Home
brisbanel,2012,R9,96.0,Away
carlton,2012,R9,107.0,Home
melbourne,2012,R9,49.0,Away
westcoast,2012,R9,84.0,Home
fremantle,2012,R9,36.0,Away
stkilda,2012,R10,113.0,Home
richmond,2012,R10,121.0,Away
geelong,2012,R10,126.0,Home
gws,2012,R10,61.0,Away
hawthorn,2012,R10,174.0,Home
kangaroos,2012,R10,59.0,Away
fremantle,2012,R10,82.0,Home
adelaide,2012,R10,111.0,Away
padelaide,2012,R10,99.0,Home
carlton,2012,R10,45.0,Away
essendon,2012,R10,52.0,Home
melbourne,2012,R10,58.0,Away
brisbanel,2012,R10,102.0,Home
westcoast,2012,R10,100.0,Away
swans,2012,R10,132.0,Home
bullldogs,2012,R10,40.0,Away
collingwood,2012,R10,149.0,Home
goldcoast,2012,R10,52.0,Away
carlton,2012,R11,85.0,Home
geelong,2012,R11,97.0,Away
richmond,2012,R11,66.0,Home
fremantle,2012,R11,78.0,Away
goldcoast,2012,R11,49.0,Home
stkilda,2012,R11,144.0,Away
essendon,2012,R11,82.0,Home
swans,2012,R11,86.0,Away
padelaide,2012,R11,62.0,Home
hawthorn,2012,R11,108.0,Away
melbourne,2012,R11,87.0,Home
collingwood,2012,R11,129.0,Away
westcoast,2012,R12,79.0,Home
carlton,2012,R12,69.0,Away
adelaide,2012,R12,115.0,Home
stkilda,2012,R12,111.0,Away
gws,2012,R12,74.0,Home
richmond,2012,R12,86.0,Away
goldcoast,2012,R12,80.0,Home
kangaroos,2012,R12,87.0,Away
hawthorn,2012,R12,135.0,Home
brisbanel,2012,R12,70.0,Away
bullldogs,2012,R12,95.0,Home
padelaide,2012,R12,57.0,Away
swans,2012,R13,80.0,Home
geelong,2012,R13,74.0,Away
bullldogs,2012,R13,56.0,Home
brisbanel,2012,R13,114.0,Away
collingwood,2012,R13,85.0,Home
westcoast,2012,R13,82.0,Away
fremantle,2012,R13,89.0,Home
essendon,2012,R13,113.0,Away
melbourne,2012,R13,135.0,Home
gws,2012,R13,57.0,Away
kangaroos,2012,R13,121.0,Home
adelaide,2012,R13,89.0,Away
carlton,2012,R14,70.0,Home
hawthorn,2012,R14,120.0,Away
collingwood,2012,R14,107.0,Home
fremantle,2012,R14,78.0,Away
adelaide,2012,R14,106.0,Home
richmond,2012,R14,87.0,Away
westcoast,2012,R14,166.0,Home
goldcoast,2012,R14,40.0,Away
essendon,2012,R14,140.0,Home
bullldogs,2012,R14,56.0,Away
swans,2012,R14,132.0,Home
gws,2012,R14,38.0,Away
geelong,2012,R14,99.0,Home
padelaide,2012,R14,61.0,Away
brisbanel,2012,R14,122.0,Home
melbourne,2012,R14,61.0,Away
stkilda,2012,R14,103.0,Home
kangaroos,2012,R14,136.0,Away
collingwood,2012,R15,62.0,Home
carlton,2012,R15,85.0,Away
kangaroos,2012,R15,84.0,Home
westcoast,2012,R15,86.0,Away
melbourne,2012,R15,78.0,Home
richmond,2012,R15,101.0,Away
swans,2012,R15,110.0,Home
brisbanel,2012,R15,63.0,Away
padelaide,2012,R15,58.0,Home
adelaide,2012,R15,116.0,Away
stkilda,2012,R15,133.0,Home
essendon,2012,R15,62.0,Away
hawthorn,2012,R15,193.0,Home
gws,2012,R15,31.0,Away
goldcoast,2012,R15,96.0,Home
geelong,2012,R15,110.0,Away
fremantle,2012,R15,95.0,Home
bullldogs,2012,R15,57.0,Away
kangaroos,2012,R16,149.0,Home
carlton,2012,R16,96.0,Away
melbourne,2012,R16,83.0,Home
fremantle,2012,R16,117.0,Away
padelaide,2012,R16,77.0,Home
essendon,2012,R16,127.0,Away
richmond,2012,R16,88.0,Home
goldcoast,2012,R16,90.0,Away
geelong,2012,R16,79.0,Home
collingwood,2012,R16,110.0,Away
brisbanel,2012,R16,92.0,Home
stkilda,2012,R16,105.0,Away
gws,2012,R16,59.0,Home
adelaide,2012,R16,178.0,Away
bullldogs,2012,R16,44.0,Home
hawthorn,2012,R16,116.0,Away
westcoast,2012,R16,69.0,Home
swans,2012,R16,121.0,Away
geelong,2012,R17,134.0,Home
essendon,2012,R17,67.0,Away
collingwood,2012,R17,91.0,Home
hawthorn,2012,R17,138.0,Away
adelaide,2012,R17,124.0,Home
westcoast,2012,R17,75.0,Away
goldcoast,2012,R17,48.0,Home
brisbanel,2012,R17,59.0,Away
melbourne,2012,R17,56.0,Home
padelaide,2012,R17,84.0,Away
bullldogs,2012,R17,84.0,Home
carlton,2012,R17,102.0,Away
swans,2012,R17,105.0,Home
stkilda,2012,R17,76.0,Away
richmond,2012,R17,99.0,Home
kangaroos,2012,R17,103.0,Away
fremantle,2012,R17,132.0,Home
gws,2012,R17,37.0,Away
essendon,2012,R18,86.0,Home
hawthorn,2012,R18,180.0,Away
geelong,2012,R18,102.0,Home
adelaide,2012,R18,75.0,Away
kangaroos,2012,R18,127.0,Home
melbourne,2012,R18,73.0,Away
gws,2012,R18,54.0,Home
collingwood,2012,R18,174.0,Away
carlton,2012,R18,95.0,Home
richmond,2012,R18,91.0,Away
goldcoast,2012,R18,54.0,Home
swans,2012,R18,126.0,Away
padelaide,2012,R18,48.0,Home
fremantle,2012,R18,75.0,Away
stkilda,2012,R18,118.0,Home
bullldogs,2012,R18,42.0,Away
westcoast,2012,R18,175.0,Home
brisbanel,2012,R18,77.0,Away
hawthorn,2012,R19,116.0,Home
geelong,2012,R19,118.0,Away
bullldogs,2012,R19,61.0,Home
kangaroos,2012,R19,115.0,Away
gws,2012,R19,107.0,Home
padelaide,2012,R19,73.0,Away
fremantle,2012,R19,113.0,Home
westcoast,2012,R19,48.0,Away
collingwood,2012,R19,91.0,Home
stkilda,2012,R19,85.0,Away
brisbanel,2012,R19,84.0,Home
richmond,2012,R19,132.0,Away
melbourne,2012,R19,108.0,Home
goldcoast,2012,R19,66.0,Away
carlton,2012,R19,71.0,Home
swans,2012,R19,93.0,Away
adelaide,2012,R19,104.0,Home
essendon,2012,R19,100.0,Away
westcoast,2012,R20,102.0,Home
geelong,2012,R20,97.0,Away
stkilda,2012,R20,107.0,Home
melbourne,2012,R20,82.0,Away
adelaide,2012,R20,119.0,Home
fremantle,2012,R20,91.0,Away
goldcoast,2012,R20,109.0,Home
gws,2012,R20,79.0,Away
carlton,2012,R20,113.0,Home
brisbanel,2012,R20,77.0,Away
swans,2012,R20,70.0,Home
collingwood,2012,R20,78.0,Away
hawthorn,2012,R20,159.0,Home
padelaide,2012,R20,87.0,Away
richmond,2012,R20,150.0,Home
bullldogs,2012,R20,80.0,Away
essendon,2012,R20,76.0,Home
kangaroos,2012,R20,100.0,Away
geelong,2012,R21,123.0,Home
stkilda,2012,R21,81.0,Away
essendon,2012,R21,60.0,Home
carlton,2012,R21,156.0,Away
gws,2012,R21,59.0,Home
melbourne,2012,R21,84.0,Away
fremantle,2012,R21,94.0,Home
richmond,2012,R21,72.0,Away
brisbanel,2012,R21,95.0,Home
adelaide,2012,R21,85.0,Away
collingwood,2012,R21,61.0,Home
kangaroos,2012,R21,91.0,Away
padelaide,2012,R21,50.0,Home
westcoast,2012,R21,98.0,Away
bullldogs,2012,R21,85.0,Home
swans,2012,R21,167.0,Away
hawthorn,2012,R21,129.0,Home
goldcoast,2012,R21,65.0,Away
richmond,2012,R22,102.0,Home
essendon,2012,R22,57.0,Away
stkilda,2012,R22,163.0,Home
gws,2012,R22,35.0,Away
padelaide,2012,R22,93.0,Home
brisbanel,2012,R22,104.0,Away
swans,2012,R22,95.0,Home
hawthorn,2012,R22,102.0,Away
westcoast,2012,R22,107.0,Home
collingwood,2012,R22,58.0,Away
goldcoast,2012,R22,98.0,Home
carlton,2012,R22,86.0,Away
geelong,2012,R22,107.0,Home
bullldogs,2012,R22,73.0,Away
kangaroos,2012,R22,79.0,Home
fremantle,2012,R22,132.0,Away
melbourne,2012,R22,81.0,Home
adelaide,2012,R22,150.0,Away
hawthorn,2012,R23,95.0,Home
westcoast,2012,R23,70.0,Away
geelong,2012,R23,112.0,Home
swans,2012,R23,78.0,Away
adelaide,2012,R23,153.0,Home
goldcoast,2012,R23,62.0,Away
gws,2012,R23,77.0,Home
kangaroos,2012,R23,105.0,Away
fremantle,2012,R23,101.0,Home
melbourne,2012,R23,40.0,Away
essendon,2012,R23,72.0,Home
collingwood,2012,R23,104.0,Away
carlton,2012,R23,91.0,Home
stkilda,2012,R23,106.0,Away
richmond,2012,R23,106.0,Home
padelaide,2012,R23,106.0,Away
adelaide,2013,R1,82.0,Home
essendon,2013,R1,117.0,Away
fremantle,2013,R1,108.0,Home
westcoast,2013,R1,80.0,Away
carlton,2013,R1,101.0,Home
richmond,2013,R1,106.0,Away
bullldogs,2013,R1,127.0,Home
brisbanel,2013,R1,59.0,Away
gws,2013,R1,76.0,Home
swans,2013,R1,106.0,Away
goldcoast,2013,R1,90.0,Home
stkilda,2013,R1,77.0,Away
melbourne,2013,R1,54.0,Home
padelaide,2013,R1,133.0,Away
kangaroos,2013,R1,87.0,Home
collingwood,2013,R1,103.0,Away
hawthorn,2013,R1,86.0,Home
geelong,2013,R1,93.0,Away
stkilda,2013,R2,82.0,Home
richmond,2013,R2,99.0,Away
swans,2013,R2,114.0,Home
goldcoast,2013,R2,73.0,Away
bullldogs,2013,R2,78.0,Home
fremantle,2013,R2,106.0,Away
brisbanel,2013,R2,77.0,Home
adelaide,2013,R2,96.0,Away
padelaide,2013,R2,134.0,Home
gws,2013,R2,78.0,Away
essendon,2013,R2,184.0,Home
melbourne,2013,R2,36.0,Away
geelong,2013,R2,112.0,Home
kangaroos,2013,R2,108.0,Away
collingwood,2013,R2,117.0,Home
carlton,2013,R2,100.0,Away
westcoast,2013,R2,98.0,Home
hawthorn,2013,R2,148.0,Away
fremantle,2013,R3,68.0,Home
essendon,2013,R3,72.0,Away
kangaroos,2013,R3,92.0,Home
swans,2013,R3,131.0,Away
melbourne,2013,R3,83.0,Home
westcoast,2013,R3,177.0,Away
gws,2013,R3,68.0,Home
stkilda,2013,R3,140.0,Away
geelong,2013,R3,119.0,Home
carlton,2013,R3,103.0,Away
goldcoast,2013,R3,92.0,Home
brisbanel,2013,R3,94.0,Away
richmond,2013,R3,135.0,Home
bullldogs,2013,R3,68.0,Away
collingwood,2013,R3,90.0,Home
hawthorn,2013,R3,145.0,Away
padelaide,2013,R3,118.0,Home
adelaide,2013,R3,109.0,Away
swans,2013,R4,103.0,Home
geelong,2013,R4,124.0,Away
hawthorn,2013,R4,118.0,Home
fremantle,2013,R4,76.0,Away
richmond,2013,R4,79.0,Home
collingwood,2013,R4,113.0,Away
stkilda,2013,R4,91.0,Home
essendon,2013,R4,128.0,Away
westcoast,2013,R4,65.0,Home
carlton,2013,R4,89.0,Away
goldcoast,2013,R4,66.0,Home
padelaide,2013,R4,104.0,Away
melbourne,2013,R4,144.0,Home
gws,2013,R4,103.0,Away
adelaide,2013,R4,80.0,Home
bullldogs,2013,R4,28.0,Away
kangaroos,2013,R4,125.0,Home
brisbanel,2013,R4,62.0,Away
essendon,2013,R5,121.0,Home
collingwood,2013,R5,75.0,Away
stkilda,2013,R5,63.0,Home
swans,2013,R5,79.0,Away
fremantle,2013,R5,81.0,Home
richmond,2013,R5,80.0,Away
gws,2013,R5,104.0,Home
goldcoast,2013,R5,148.0,Away
carlton,2013,R5,115.0,Home
adelaide,2013,R5,83.0,Away
bullldogs,2013,R5,86.0,Home
geelong,2013,R5,107.0,Away
padelaide,2013,R5,84.0,Home
westcoast,2013,R5,79.0,Away
brisbanel,2013,R5,122.0,Home
melbourne,2013,R5,94.0,Away
hawthorn,2013,R5,99.0,Home
kangaroos,2013,R5,96.0,Away
collingwood,2013,R6,103.0,Home
stkilda,2013,R6,77.0,Away
essendon,2013,R6,120.0,Home
gws,2013,R6,81.0,Away
kangaroos,2013,R6,93.0,Home
padelaide,2013,R6,83.0,Away
adelaide,2013,R6,78.0,Home
hawthorn,2013,R6,89.0,Away
goldcoast,2013,R6,54.0,Home
fremantle,2013,R6,99.0,Away
richmond,2013,R6,87.0,Home
geelong,2013,R6,131.0,Away
swans,2013,R6,115.0,Home
brisbanel,2013,R6,55.0,Away
carlton,2013,R6,121.0,Home
melbourne,2013,R6,60.0,Away
westcoast,2013,R6,137.0,Home
bullldogs,2013,R6,67.0,Away
geelong,2013,R7,113.0,Home
essendon,2013,R7,85.0,Away
padelaide,2013,R7,73.0,Home
richmond,2013,R7,114.0,Away
brisbanel,2013,R7,82.0,Home
westcoast,2013,R7,108.0,Away
bullldogs,2013,R7,97.0,Home
kangaroos,2013,R7,151.0,Away
fremantle,2013,R7,100.0,Home
collingwood,2013,R7,73.0,Away
hawthorn,2013,R7,119.0,Home
swans,2013,R7,82.0,Away
gws,2013,R7,52.0,Home
adelaide,2013,R7,187.0,Away
melbourne,2013,R7,54.0,Home
goldcoast,2013,R7,114.0,Away
stkilda,2013,R7,77.0,Home
carlton,2013,R7,68.0,Away
westcoast,2013,R8,90.0,Home
kangaroos,2013,R8,88.0,Away
essendon,2013,R8,86.0,Home
brisbanel,2013,R8,96.0,Away
hawthorn,2013,R8,140.0,Home
gws,2013,R8,57.0,Away
goldcoast,2013,R8,93.0,Home
bullldogs,2013,R8,61.0,Away
collingwood,2013,R8,102.0,Home
geelong,2013,R8,96.0,Away
swans,2013,R8,70.0,Home
fremantle,2013,R8,70.0,Away
collingwood,2013,R9,55.0,Home
swans,2013,R9,102.0,Away
padelaide,2013,R9,68.0,Home
geelong,2013,R9,116.0,Away
gws,2013,R9,55.0,Home
westcoast,2013,R9,155.0,Away
stkilda,2013,R9,101.0,Home
bullldogs,2013,R9,110.0,Away
brisbanel,2013,R9,85.0,Home
carlton,2013,R9,98.0,Away
richmond,2013,R9,62.0,Home
essendon,2013,R9,91.0,Away
hawthorn,2013,R9,118.0,Home
goldcoast,2013,R9,92.0,Away
kangaroos,2013,R9,124.0,Home
adelaide,2013,R9,125.0,Away
fremantle,2013,R9,130.0,Home
melbourne,2013,R9,40.0,Away
brisbanel,2013,R10,51.0,Home
collingwood,2013,R10,100.0,Away
carlton,2013,R10,148.0,Home
gws,2013,R10,54.0,Away
adelaide,2013,R10,59.0,Home
fremantle,2013,R10,66.0,Away
swans,2013,R10,115.0,Home
essendon,2013,R10,71.0,Away
bullldogs,2013,R10,67.0,Home
padelaide,2013,R10,58.0,Away
geelong,2013,R10,123.0,Home
goldcoast,2013,R10,71.0,Away
melbourne,2013,R10,48.0,Home
hawthorn,2013,R10,143.0,Away
kangaroos,2013,R10,133.0,Home
stkilda,2013,R10,65.0,Away
westcoast,2013,R10,62.0,Home
richmond,2013,R10,103.0,Away
essendon,2013,R11,77.0,Home
carlton,2013,R11,72.0,Away
gws,2013,R11,98.0,Home
geelong,2013,R11,157.0,Away
adelaide,2013,R11,50.0,Home
swans,2013,R11,127.0,Away
goldcoast,2013,R11,66.0,Home
kangaroos,2013,R11,51.0,Away
stkilda,2013,R11,80.0,Home
westcoast,2013,R11,84.0,Away
melbourne,2013,R11,39.0,Home
collingwood,2013,R11,122.0,Away
carlton,2013,R12,87.0,Home
hawthorn,2013,R12,102.0,Away
richmond,2013,R12,110.0,Home
adelaide,2013,R12,72.0,Away
fremantle,2013,R12,86.0,Home
brisbanel,2013,R12,46.0,Away
essendon,2013,R12,115.0,Home
goldcoast,2013,R12,72.0,Away
gws,2013,R12,50.0,Home
padelaide,2013,R12,125.0,Away
collingwood,2013,R12,99.0,Home
bullldogs,2013,R12,65.0,Away
hawthorn,2013,R13,123.0,Home
westcoast,2013,R13,103.0,Away
padelaide,2013,R13,72.0,Home
swans,2013,R13,54.0,Away
stkilda,2013,R13,104.0,Home
melbourne,2013,R13,69.0,Away
bullldogs,2013,R13,61.0,Home
richmond,2013,R13,121.0,Away
fremantle,2013,R13,67.0,Home
kangaroos,2013,R13,29.0,Away
brisbanel,2013,R13,103.0,Home
geelong,2013,R13,98.0,Away
westcoast,2013,R14,91.0,Home
essendon,2013,R14,98.0,Away
swans,2013,R14,65.0,Home
carlton,2013,R14,43.0,Away
goldcoast,2013,R14,83.0,Home
adelaide,2013,R14,111.0,Away
padelaide,2013,R14,86.0,Home
collingwood,2013,R14,51.0,Away
melbourne,2013,R14,103.0,Home
bullldogs,2013,R14,100.0,Away
geelong,2013,R14,85.0,Home
fremantle,2013,R14,44.0,Away
hawthorn,2013,R14,143.0,Home
brisbanel,2013,R14,85.0,Away
kangaroos,2013,R14,130.0,Home
gws,2013,R14,44.0,Away
richmond,2013,R14,119.0,Home
stkilda,2013,R14,55.0,Away
carlton,2013,R15,77.0,Home
collingwood,2013,R15,118.0,Away
gws,2013,R15,83.0,Home
bullldogs,2013,R15,87.0,Away
kangaroos,2013,R15,128.0,Home
richmond,2013,R15,66.0,Away
brisbanel,2013,R15,116.0,Home
goldcoast,2013,R15,83.0,Away
adelaide,2013,R15,69.0,Home
westcoast,2013,R15,75.0,Away
geelong,2013,R15,82.0,Home
hawthorn,2013,R15,72.0,Away
melbourne,2013,R15,85.0,Home
swans,2013,R15,116.0,Away
fremantle,2013,R15,100.0,Home
stkilda,2013,R15,70.0,Away
essendon,2013,R15,118.0,Home
padelaide,2013,R15,88.0,Away
collingwood,2013,R16,111.0,Home
adelaide,2013,R16,84.0,Away
padelaide,2013,R16,79.0,Home
hawthorn,2013,R16,124.0,Away
geelong,2013,R16,98.0,Home
melbourne,2013,R16,30.0,Away
richmond,2013,R16,53.0,Home
goldcoast,2013,R16,44.0,Away
carlton,2013,R16,110.0,Home
stkilda,2013,R16,74.0,Away
brisbanel,2013,R16,117.0,Home
kangaroos,2013,R16,105.0,Away
swans,2013,R16,171.0,Home
gws,2013,R16,42.0,Away
bullldogs,2013,R16,90.0,Home
essendon,2013,R16,121.0,Away
westcoast,2013,R16,93.0,Home
fremantle,2013,R16,121.0,Away
kangaroos,2013,R17,108.0,Home
carlton,2013,R17,109.0,Away
hawthorn,2013,R17,95.0,Home
bullldogs,2013,R17,76.0,Away
gws,2013,R17,77.0,Home
essendon,2013,R17,116.0,Away
goldcoast,2013,R17,85.0,Home
collingwood,2013,R17,78.0,Away
melbourne,2013,R17,75.0,Home
brisbanel,2013,R17,94.0,Away
stkilda,2013,R17,92.0,Home
padelaide,2013,R17,97.0,Away
richmond,2013,R17,84.0,Home
fremantle,2013,R17,57.0,Away
adelaide,2013,R17,94.0,Home
geelong,2013,R17,92.0,Away
westcoast,2013,R17,79.0,Home
swans,2013,R17,113.0,Away
essendon,2013,R18,87.0,Home
hawthorn,2013,R18,143.0,Away
goldcoast,2013,R18,77.0,Home
carlton,2013,R18,120.0,Away
melbourne,2013,R18,28.0,Home
kangaroos,2013,R18,150.0,Away
collingwood,2013,R18,106.0,Home
gws,2013,R18,66.0,Away
fremantle,2013,R18,75.0,Home
adelaide,2013,R18,53.0,Away
geelong,2013,R18,137.0,Home
stkilda,2013,R18,36.0,Away
padelaide,2013,R18,71.0,Home
brisbanel,2013,R18,62.0,Away
bullldogs,2013,R18,111.0,Home
westcoast,2013,R18,89.0,Away
swans,2013,R18,110.0,Home
richmond,2013,R18,63.0,Away
kangaroos,2013,R19,96.0,Home
geelong,2013,R19,86.0,Away
gws,2013,R19,124.0,Home
melbourne,2013,R19,87.0,Away
hawthorn,2013,R19,66.0,Home
richmond,2013,R19,107.0,Away
westcoast,2013,R19,130.0,Home
goldcoast,2013,R19,113.0,Away
carlton,2013,R19,80.0,Home
fremantle,2013,R19,116.0,Away
brisbanel,2013,R19,108.0,Home
stkilda,2013,R19,77.0,Away
bullldogs,2013,R19,99.0,Home
swans,2013,R19,134.0,Away
adelaide,2013,R19,103.0,Home
padelaide,2013,R19,107.0,Away
collingwood,2013,R19,133.0,Home
essendon,2013,R19,54.0,Away
stkilda,2013,R20,56.0,Home
hawthorn,2013,R20,102.0,Away
richmond,2013,R20,97.0,Home
brisbanel,2013,R20,74.0,Away
geelong,2013,R20,129.0,Home
padelaide,2013,R20,104.0,Away
carlton,2013,R20,89.0,Home
bullldogs,2013,R20,117.0,Away
swans,2013,R20,71.0,Home
collingwood,2013,R20,100.0,Away
goldcoast,2013,R20,90.0,Home
melbourne,2013,R20,77.0,Away
essendon,2013,R20,67.0,Home
westcoast,2013,R20,120.0,Away
adelaide,2013,R20,79.0,Home
kangaroos,2013,R20,70.0,Away
fremantle,2013,R20,157.0,Home
gws,2013,R20,44.0,Away
hawthorn,2013,R21,119.0,Home
collingwood,2013,R21,84.0,Away
richmond,2013,R21,96.0,Home
carlton,2013,R21,106.0,Away
padelaide,2013,R21,113.0,Home
goldcoast,2013,R21,96.0,Away
essendon,2013,R21,70.0,Home
kangaroos,2013,R21,115.0,Away
westcoast,2013,R21,41.0,Home
geelong,2013,R21,107.0,Away
brisbanel,2013,R21,123.0,Home
gws,2013,R21,63.0,Away
melbourne,2013,R21,38.0,Home
fremantle,2013,R21,133.0,Away
swans,2013,R21,118.0,Home
stkilda,2013,R21,59.0,Away
bullldogs,2013,R21,131.0,Home
adelaide,2013,R21,114.0,Away
collingwood,2013,R22,101.0,Home
westcoast,2013,R22,39.0,Away
adelaide,2013,R22,120.0,Home
melbourne,2013,R22,52.0,Away
kangaroos,2013,R22,103.0,Home
hawthorn,2013,R22,117.0,Away
geelong,2013,R22,92.0,Home
swans,2013,R22,48.0,Away
fremantle,2013,R22,134.0,Home
padelaide,2013,R22,60.0,Away
carlton,2013,R22,76.0,Home
essendon,2013,R22,82.0,Away
stkilda,2013,R22,116.0,Home
goldcoast,2013,R22,70.0,Away
gws,2013,R22,42.0,Home
richmond,2013,R22,163.0,Away
brisbanel,2013,R22,100.0,Home
bullldogs,2013,R22,93.0,Away
swans,2013,R23,100.0,Home
hawthorn,2013,R23,112.0,Away
stkilda,2013,R23,112.0,Home
fremantle,2013,R23,41.0,Away
geelong,2013,R23,112.0,Home
brisbanel,2013,R23,111.0,Away
padelaide,2013,R23,103.0,Home
carlton,2013,R23,104.0,Away
essendon,2013,R23,65.0,Home
richmond,2013,R23,104.0,Away
westcoast,2013,R23,43.0,Home
adelaide,2013,R23,129.0,Away
goldcoast,2013,R23,146.0,Home
gws,2013,R23,63.0,Away
collingwood,2013,R23,114.0,Home
kangaroos,2013,R23,125.0,Away
bullldogs,2013,R23,107.0,Home
melbourne,2013,R23,87.0,Away
collingwood,2014,R1,46.0,Home
fremantle,2014,R1,116.0,Away
gws,2014,R1,99.0,Home
swans,2014,R1,67.0,Away
goldcoast,2014,R1,87.0,Home
richmond,2014,R1,69.0,Away
carlton,2014,R1,87.0,Home
padelaide,2014,R1,120.0,Away
geelong,2014,R1,119.0,Home
adelaide,2014,R1,81.0,Away
kangaroos,2014,R1,60.0,Home
essendon,2014,R1,99.0,Away
hawthorn,2014,R1,139.0,Home
brisbanel,2014,R1,91.0,Away
stkilda,2014,R1,68.0,Home
melbourne,2014,R1,51.0,Away
westcoast,2014,R1,134.0,Home
bullldogs,2014,R1,69.0,Away
richmond,2014,R2,98.0,Home
carlton,2014,R2,86.0,Away
essendon,2014,R2,86.0,Home
hawthorn,2014,R2,90.0,Away
stkilda,2014,R2,95.0,Home
gws,2014,R2,88.0,Away
padelaide,2014,R2,127.0,Home
adelaide,2014,R2,73.0,Away
fremantle,2014,R2,87.0,Home
goldcoast,2014,R2,39.0,Away
swans,2014,R2,69.0,Home
collingwood,2014,R2,89.0,Away
brisbanel,2014,R2,68.0,Home
geelong,2014,R2,93.0,Away
melbourne,2014,R2,30.0,Home
westcoast,2014,R2,123.0,Away
bullldogs,2014,R2,54.0,Home
kangaroos,2014,R2,83.0,Away
hawthorn,2014,R3,137.0,Home
fremantle,2014,R3,79.0,Away
bullldogs,2014,R3,100.0,Home
richmond,2014,R3,98.0,Away
adelaide,2014,R3,71.0,Home
swans,2014,R3,134.0,Away
goldcoast,2014,R3,114.0,Home
brisbanel,2014,R3,61.0,Away
westcoast,2014,R3,83.0,Home
stkilda,2014,R3,58.0,Away
collingwood,2014,R3,76.0,Home
geelong,2014,R3,87.0,Away
gws,2014,R3,79.0,Home
melbourne,2014,R3,47.0,Away
kangaroos,2014,R3,97.0,Home
padelaide,2014,R3,90.0,Away
essendon,2014,R3,138.0,Home
carlton,2014,R3,57.0,Away
richmond,2014,R4,72.0,Home
collingwood,2014,R4,110.0,Away
carlton,2014,R4,58.0,Home
melbourne,2014,R4,81.0,Away
padelaide,2014,R4,159.0,Home
brisbanel,2014,R4,46.0,Away
gws,2014,R4,83.0,Home
bullldogs,2014,R4,110.0,Away
geelong,2014,R4,107.0,Home
westcoast,2014,R4,32.0,Away
goldcoast,2014,R4,49.0,Home
hawthorn,2014,R4,148.0,Away
swans,2014,R4,48.0,Home
kangaroos,2014,R4,91.0,Away
stkilda,2014,R4,50.0,Home
adelaide,2014,R4,136.0,Away
fremantle,2014,R4,113.0,Home
essendon,2014,R4,60.0,Away
brisbanel,2014,R5,63.0,Home
richmond,2014,R5,106.0,Away
collingwood,2014,R5,93.0,Home
kangaroos,2014,R5,58.0,Away
swans,2014,R5,92.0,Home
fremantle,2014,R5,75.0,Away
westcoast,2014,R5,56.0,Home
padelaide,2014,R5,70.0,Away
essendon,2014,R5,65.0,Home
stkilda,2014,R5,81.0,Away
adelaide,2014,R5,137.0,Home
gws,2014,R5,72.0,Away
melbourne,2014,R5,78.0,Home
goldcoast,2014,R5,86.0,Away
bullldogs,2014,R5,91.0,Home
carlton,2014,R5,119.0,Away
geelong,2014,R5,106.0,Home
hawthorn,2014,R5,87.0,Away
collingwood,2014,R6,83.0,Home
essendon,2014,R6,60.0,Away
stkilda,2014,R6,79.0,Home
brisbanel,2014,R6,82.0,Away
fremantle,2014,R6,61.0,Home
kangaroos,2014,R6,74.0,Away
goldcoast,2014,R6,134.0,Home
gws,2014,R6,94.0,Away
carlton,2014,R6,92.0,Home
westcoast,2014,R6,89.0,Away
melbourne,2014,R6,38.0,Home
swans,2014,R6,69.0,Away
bullldogs,2014,R6,83.0,Home
adelaide,2014,R6,92.0,Away
richmond,2014,R6,52.0,Home
hawthorn,2014,R6,118.0,Away
padelaide,2014,R6,107.0,Home
geelong,2014,R6,67.0,Away
carlton,2014,R7,70.0,Home
collingwood,2014,R7,104.0,Away
hawthorn,2014,R7,175.0,Home
stkilda,2014,R7,30.0,Away
gws,2014,R7,97.0,Home
padelaide,2014,R7,132.0,Away
adelaide,2014,R7,67.0,Home
melbourne,2014,R7,70.0,Away
essendon,2014,R7,73.0,Home
bullldogs,2014,R7,65.0,Away
brisbanel,2014,R7,44.0,Home
swans,2014,R7,123.0,Away
kangaroos,2014,R7,77.0,Home
goldcoast,2014,R7,120.0,Away
geelong,2014,R7,81.0,Home
richmond,2014,R7,76.0,Away
westcoast,2014,R7,54.0,Home
fremantle,2014,R7,73.0,Away
swans,2014,R8,107.0,Home
hawthorn,2014,R8,88.0,Away
padelaide,2014,R8,94.0,Home
fremantle,2014,R8,76.0,Away
brisbanel,2014,R8,57.0,Home
essendon,2014,R8,65.0,Away
melbourne,2014,R8,83.0,Home
bullldogs,2014,R8,99.0,Away
westcoast,2014,R8,188.0,Home
gws,2014,R8,77.0,Away
stkilda,2014,R8,69.0,Home
carlton,2014,R8,101.0,Away
adelaide,2014,R9,76.0,Home
collingwood,2014,R9,55.0,Away
essendon,2014,R9,64.0,Home
swans,2014,R9,114.0,Away
richmond,2014,R9,74.0,Home
melbourne,2014,R9,91.0,Away
kangaroos,2014,R9,125.0,Home
brisbanel,2014,R9,38.0,Away
fremantle,2014,R9,96.0,Home
geelong,2014,R9,64.0,Away
stkilda,2014,R9,87.0,Home
goldcoast,2014,R9,125.0,Away
geelong,2014,R10,111.0,Home
kangaroos,2014,R10,91.0,Away
gws,2014,R10,41.0,Home
richmond,2014,R10,154.0,Away
collingwood,2014,R10,109.0,Home
westcoast,2014,R10,101.0,Away
padelaide,2014,R10,100.0,Home
hawthorn,2014,R10,86.0,Away
goldcoast,2014,R10,119.0,Home
bullldogs,2014,R10,74.0,Away
carlton,2014,R10,81.0,Home
adelaide,2014,R10,76.0,Away
swans,2014,R11,148.0,Home
geelong,2014,R11,38.0,Away
stkilda,2014,R11,54.0,Home
collingwood,2014,R11,140.0,Away
melbourne,2014,R11,75.0,Home
padelaide,2014,R11,95.0,Away
brisbanel,2014,R11,98.0,Home
carlton,2014,R11,91.0,Away
essendon,2014,R11,104.0,Home
richmond,2014,R11,54.0,Away
adelaide,2014,R11,109.0,Home
goldcoast,2014,R11,77.0,Away
bullldogs,2014,R11,51.0,Home
fremantle,2014,R11,89.0,Away
hawthorn,2014,R11,94.0,Home
gws,2014,R11,87.0,Away
westcoast,2014,R11,44.0,Home
kangaroos,2014,R11,82.0,Away
geelong,2014,R12,107.0,Home
carlton,2014,R12,102.0,Away
hawthorn,2014,R12,123.0,Home
westcoast,2014,R12,79.0,Away
padelaide,2014,R12,129.0,Home
stkilda,2014,R12,59.0,Away
gws,2014,R12,66.0,Home
essendon,2014,R12,81.0,Away
bullldogs,2014,R12,87.0,Home
brisbanel,2014,R12,95.0,Away
goldcoast,2014,R12,74.0,Home
swans,2014,R12,109.0,Away
fremantle,2014,R12,90.0,Home
adelaide,2014,R12,50.0,Away
kangaroos,2014,R12,116.0,Home
richmond,2014,R12,88.0,Away
melbourne,2014,R12,28.0,Home
collingwood,2014,R12,61.0,Away
carlton,2014,R13,90.0,Home
hawthorn,2014,R13,118.0,Away
richmond,2014,R13,85.0,Home
fremantle,2014,R13,105.0,Away
swans,2014,R13,98.0,Home
padelaide,2014,R13,94.0,Away
westcoast,2014,R13,103.0,Home
goldcoast,2014,R13,100.0,Away
adelaide,2014,R13,109.0,Home
kangaroos,2014,R13,73.0,Away
brisbanel,2014,R13,80.0,Home
gws,2014,R13,125.0,Away
geelong,2014,R13,133.0,Home
stkilda,2014,R13,37.0,Away
collingwood,2014,R13,98.0,Home
bullldogs,2014,R13,106.0,Away
essendon,2014,R13,77.0,Home
melbourne,2014,R13,78.0,Away
richmond,2014,R14,51.0,Home
swans,2014,R14,62.0,Away
padelaide,2014,R14,128.0,Home
bullldogs,2014,R14,56.0,Away
hawthorn,2014,R14,115.0,Home
collingwood,2014,R14,86.0,Away
goldcoast,2014,R14,118.0,Home
geelong,2014,R14,78.0,Away
fremantle,2014,R14,105.0,Home
brisbanel,2014,R14,22.0,Away
essendon,2014,R14,101.0,Home
adelaide,2014,R14,92.0,Away
gws,2014,R14,100.0,Home
carlton,2014,R14,92.0,Away
stkilda,2014,R14,70.0,Home
westcoast,2014,R14,103.0,Away
melbourne,2014,R14,66.0,Home
kangaroos,2014,R14,107.0,Away
geelong,2014,R15,89.0,Home
essendon,2014,R15,80.0,Away
hawthorn,2014,R15,116.0,Home
goldcoast,2014,R15,63.0,Away
stkilda,2014,R15,73.0,Home
richmond,2014,R15,117.0,Away
fremantle,2014,R15,88.0,Home
westcoast,2014,R15,81.0,Away
brisbanel,2014,R15,70.0,Home
kangaroos,2014,R15,66.0,Away
swans,2014,R15,106.0,Home
gws,2014,R15,60.0,Away
bullldogs,2014,R15,91.0,Home
melbourne,2014,R15,85.0,Away
adelaide,2014,R15,99.0,Home
padelaide,2014,R15,76.0,Away
collingwood,2014,R15,91.0,Home
carlton,2014,R15,76.0,Away
kangaroos,2014,R16,108.0,Home
hawthorn,2014,R16,88.0,Away
richmond,2014,R16,79.0,Home
brisbanel,2014,R16,54.0,Away
gws,2014,R16,72.0,Home
adelaide,2014,R16,140.0,Away
goldcoast,2014,R16,80.0,Home
collingwood,2014,R16,75.0,Away
padelaide,2014,R16,60.0,Home
essendon,2014,R16,62.0,Away
melbourne,2014,R16,34.0,Home
fremantle,2014,R16,97.0,Away
carlton,2014,R16,151.0,Home
stkilda,2014,R16,66.0,Away
westcoast,2014,R16,51.0,Home
swans,2014,R16,79.0,Away
geelong,2014,R16,69.0,Home
bullldogs,2014,R16,56.0,Away
adelaide,2014,R17,92.0,Home
hawthorn,2014,R17,104.0,Away
melbourne,2014,R17,36.0,Home
geelong,2014,R17,102.0,Away
kangaroos,2014,R17,92.0,Home
stkilda,2014,R17,33.0,Away
bullldogs,2014,R17,94.0,Home
goldcoast,2014,R17,66.0,Away
swans,2014,R17,122.0,Home
carlton,2014,R17,51.0,Away
brisbanel,2014,R17,64.0,Home
westcoast,2014,R17,76.0,Away
richmond,2014,R17,126.0,Home
padelaide,2014,R17,106.0,Away
essendon,2014,R17,103.0,Home
collingwood,2014,R17,39.0,Away
fremantle,2014,R17,136.0,Home
gws,2014,R17,60.0,Away
carlton,2014,R18,109.0,Home
kangaroos,2014,R18,86.0,Away
stkilda,2014,R18,118.0,Home
fremantle,2014,R18,60.0,Away
gws,2014,R18,87.0,Home
geelong,2014,R18,94.0,Away
padelaide,2014,R18,72.0,Home
melbourne,2014,R18,69.0,Away
bullldogs,2014,R18,94.0,Home
essendon,2014,R18,101.0,Away
westcoast,2014,R18,42.0,Home
richmond,2014,R18,59.0,Away
brisbanel,2014,R18,110.0,Home
goldcoast,2014,R18,56.0,Away
hawthorn,2014,R18,104.0,Home
swans,2014,R18,94.0,Away
collingwood,2014,R18,82.0,Home
adelaide,2014,R18,98.0,Away
fremantle,2014,R19,83.0,Home
carlton,2014,R19,78.0,Away
swans,2014,R19,79.0,Home
essendon,2014,R19,57.0,Away
adelaide,2014,R19,105.0,Home
westcoast,2014,R19,136.0,Away
richmond,2014,R19,89.0,Home
gws,2014,R19,62.0,Away
kangaroos,2014,R19,79.0,Home
geelong,2014,R19,111.0,Away
goldcoast,2014,R19,117.0,Home
stkilda,2014,R19,64.0,Away
melbourne,2014,R19,51.0,Home
brisbanel,2014,R19,74.0,Away
hawthorn,2014,R19,107.0,Home
bullldogs,2014,R19,45.0,Away
collingwood,2014,R19,76.0,Home
padelaide,2014,R19,70.0,Away
richmond,2014,R20,95.0,Home
essendon,2014,R20,77.0,Away
gws,2014,R20,51.0,Home
kangaroos,2014,R20,126.0,Away
carlton,2014,R20,97.0,Home
goldcoast,2014,R20,58.0,Away
hawthorn,2014,R20,115.0,Home
melbourne,2014,R20,65.0,Away
padelaide,2014,R20,58.0,Home
swans,2014,R20,84.0,Away
geelong,2014,R20,81.0,Home
fremantle,2014,R20,79.0,Away
brisbanel,2014,R20,63.0,Home
adelaide,2014,R20,168.0,Away
stkilda,2014,R20,99.0,Home
bullldogs,2014,R20,122.0,Away
westcoast,2014,R20,126.0,Home
collingwood,2014,R20,66.0,Away
carlton,2014,R21,76.0,Home
geelong,2014,R21,82.0,Away
swans,2014,R21,127.0,Home
stkilda,2014,R21,56.0,Away
goldcoast,2014,R21,47.0,Home
padelaide,2014,R21,56.0,Away
essendon,2014,R21,77.0,Home
westcoast,2014,R21,74.0,Away
adelaide,2014,R21,69.0,Home
richmond,2014,R21,79.0,Away
collingwood,2014,R21,56.0,Home
brisbanel,2014,R21,123.0,Away
kangaroos,2014,R21,111.0,Home
bullldogs,2014,R21,61.0,Away
melbourne,2014,R21,34.0,Home
gws,2014,R21,98.0,Away
fremantle,2014,R21,110.0,Home
hawthorn,2014,R21,91.0,Away
padelaide,2014,R22,140.0,Home
carlton,2014,R22,37.0,Away
kangaroos,2014,R22,101.0,Home
adelaide,2014,R22,94.0,Away
essendon,2014,R22,108.0,Home
goldcoast,2014,R22,89.0,Away
gws,2014,R22,67.0,Home
collingwood,2014,R22,75.0,Away
westcoast,2014,R22,119.0,Home
melbourne,2014,R22,53.0,Away
hawthorn,2014,R22,94.0,Home
geelong,2014,R22,71.0,Away
brisbanel,2014,R22,48.0,Home
fremantle,2014,R22,106.0,Away
bullldogs,2014,R22,67.0,Home
swans,2014,R22,130.0,Away
richmond,2014,R22,98.0,Home
stkilda,2014,R22,72.0,Away
collingwood,2014,R23,56.0,Home
hawthorn,2014,R23,121.0,Away
carlton,2014,R23,90.0,Home
essendon,2014,R23,90.0,Away
carlton,2015,R1,78.0,Home
richmond,2015,R1,105.0,Away
melbourne,2015,R1,115.0,Home
goldcoast,2015,R1,89.0,Away
swans,2015,R1,72.0,Home
essendon,2015,R1,60.0,Away
brisbanel,2015,R1,74.0,Home
collingwood,2015,R1,86.0,Away
bullldogs,2015,R1,97.0,Home
westcoast,2015,R1,87.0,Away
stkilda,2015,R1,78.0,Home
gws,2015,R1,87.0,Away
adelaide,2015,R1,140.0,Home
kangaroos,2015,R1,63.0,Away
fremantle,2015,R1,75.0,Home
padelaide,2015,R1,68.0,Away
hawthorn,2015,R1,123.0,Home
geelong,2015,R1,61.0,Away
westcoast,2015,R2,131.0,Home
carlton,2015,R2,62.0,Away
richmond,2015,R2,66.0,Home
bullldogs,2015,R2,85.0,Away
gws,2015,R2,101.0,Home
melbourne,2015,R2,56.0,Away
collingwood,2015,R2,63.0,Home
adelaide,2015,R2,90.0,Away
goldcoast,2015,R2,76.0,Home
stkilda,2015,R2,104.0,Away
padelaide,2015,R2,44.0,Home
swans,2015,R2,92.0,Away
geelong,2015,R2,60.0,Home
fremantle,2015,R2,104.0,Away
essendon,2015,R2,78.0,Home
hawthorn,2015,R2,76.0,Away
kangaroos,2015,R2,133.0,Home
brisbanel,2015,R2,51.0,Away
collingwood,2015,R3,140.0,Home
stkilda,2015,R3,66.0,Away
carlton,2015,R3,84.0,Home
essendon,2015,R3,105.0,Away
adelaide,2015,R3,80.0,Home
melbourne,2015,R3,55.0,Away
swans,2015,R3,111.0,Home
gws,2015,R3,90.0,Away
kangaroos,2015,R3,105.0,Home
padelaide,2015,R3,113.0,Away
brisbanel,2015,R3,58.0,Home
richmond,2015,R3,137.0,Away
hawthorn,2015,R3,127.0,Home
bullldogs,2015,R3,57.0,Away
geelong,2015,R3,105.0,Home
goldcoast,2015,R3,96.0,Away
westcoast,2015,R3,81.0,Home
fremantle,2015,R3,111.0,Away
richmond,2015,R4,51.0,Home
melbourne,2015,R4,83.0,Away
stkilda,2015,R4,81.0,Home
carlton,2015,R4,121.0,Away
essendon,2015,R4,49.0,Home
collingwood,2015,R4,69.0,Away
gws,2015,R4,119.0,Home
goldcoast,2015,R4,53.0,Away
padelaide,2015,R4,99.0,Home
hawthorn,2015,R4,91.0,Away
fremantle,2015,R4,74.0,Home
swans,2015,R4,60.0,Away
brisbanel,2015,R4,65.0,Home
westcoast,2015,R4,118.0,Away
geelong,2015,R4,67.0,Home
kangaroos,2015,R4,83.0,Away
bullldogs,2015,R4,125.0,Home
adelaide,2015,R4,68.0,Away
carlton,2015,R5,45.0,Home
collingwood,2015,R5,120.0,Away
richmond,2015,R5,76.0,Home
geelong,2015,R5,85.0,Away
swans,2015,R5,73.0,Home
bullldogs,2015,R5,77.0,Away
goldcoast,2015,R5,118.0,Home
brisbanel,2015,R5,54.0,Away
kangaroos,2015,R5,70.0,Home
hawthorn,2015,R5,130.0,Away
westcoast,2015,R5,120.0,Home
gws,2015,R5,33.0,Away
melbourne,2015,R5,50.0,Home
fremantle,2015,R5,118.0,Away
stkilda,2015,R5,80.0,Home
essendon,2015,R5,82.0,Away
adelaide,2015,R5,91.0,Home
padelaide,2015,R5,115.0,Away
collingwood,2015,R6,59.0,Home
geelong,2015,R6,100.0,Away
kangaroos,2015,R6,109.0,Home
richmond,2015,R6,74.0,Away
bullldogs,2015,R6,87.0,Home
stkilda,2015,R6,94.0,Away
gws,2015,R6,108.0,Home
hawthorn,2015,R6,98.0,Away
goldcoast,2015,R6,78.0,Home
adelaide,2015,R6,119.0,Away
melbourne,2015,R6,50.0,Home
swans,2015,R6,88.0,Away
fremantle,2015,R6,80.0,Home
essendon,2015,R6,52.0,Away
carlton,2015,R6,75.0,Home
brisbanel,2015,R6,84.0,Away
padelaide,2015,R6,68.0,Home
westcoast,2015,R6,78.0,Away
essendon,2015,R7,82.0,Home
kangaroos,2015,R7,93.0,Away
adelaide,2015,R7,119.0,Home
stkilda,2015,R7,73.0,Away
hawthorn,2015,R7,155.0,Home
melbourne,2015,R7,50.0,Away
carlton,2015,R7,57.0,Home
gws,2015,R7,135.0,Away
swans,2015,R7,120.0,Home
geelong,2015,R7,77.0,Away
westcoast,2015,R7,135.0,Home
goldcoast,2015,R7,43.0,Away
bullldogs,2015,R7,88.0,Home
fremantle,2015,R7,101.0,Away
richmond,2015,R7,105.0,Home
collingwood,2015,R7,100.0,Away
brisbanel,2015,R7,102.0,Home
padelaide,2015,R7,65.0,Away
geelong,2015,R8,140.0,Home
carlton,2015,R8,63.0,Away
stkilda,2015,R8,78.0,Home
westcoast,2015,R8,131.0,Away
gws,2015,R8,108.0,Home
adelaide,2015,R8,84.0,Away
goldcoast,2015,R8,63.0,Home
collingwood,2015,R8,132.0,Away
hawthorn,2015,R8,69.0,Home
swans,2015,R8,73.0,Away
fremantle,2015,R8,115.0,Home
kangaroos,2015,R8,42.0,Away
essendon,2015,R8,136.0,Home
brisbanel,2015,R8,78.0,Away
melbourne,2015,R8,103.0,Home
bullldogs,2015,R8,64.0,Away
padelaide,2015,R8,43.0,Home
richmond,2015,R8,76.0,Away
swans,2015,R9,122.0,Home
carlton,2015,R9,62.0,Away
hawthorn,2015,R9,93.0,Home
goldcoast,2015,R9,40.0,Away
melbourne,2015,R9,54.0,Home
padelaide,2015,R9,115.0,Away
bullldogs,2015,R9,113.0,Home
gws,2015,R9,68.0,Away
richmond,2015,R9,72.0,Home
essendon,2015,R9,59.0,Away
adelaide,2015,R9,57.0,Home
fremantle,2015,R9,68.0,Away
brisbanel,2015,R9,86.0,Home
stkilda,2015,R9,108.0,Away
collingwood,2015,R9,112.0,Home
kangaroos,2015,R9,95.0,Away
westcoast,2015,R9,120.0,Home
geelong,2015,R9,64.0,Away
fremantle,2015,R10,70.0,Home
richmond,2015,R10,97.0,Away
carlton,2015,R10,90.0,Home
adelaide,2015,R10,99.0,Away
goldcoast,2015,R10,41.0,Home
swans,2015,R10,93.0,Away
essendon,2015,R10,53.0,Home
geelong,2015,R10,122.0,Away
padelaide,2015,R10,100.0,Home
bullldogs,2015,R10,62.0,Away
gws,2015,R10,97.0,Home
brisbanel,2015,R10,67.0,Away
kangaroos,2015,R10,85.0,Home
westcoast,2015,R10,75.0,Away
stkilda,2015,R10,69.0,Home
hawthorn,2015,R10,132.0,Away
melbourne,2015,R10,85.0,Home
collingwood,2015,R10,110.0,Away
padelaide,2015,R11,69.0,Home
geelong,2015,R11,92.0,Away
goldcoast,2015,R11,46.0,Home
fremantle,2015,R11,53.0,Away
westcoast,2015,R11,96.0,Home
essendon,2015,R11,46.0,Away
kangaroos,2015,R11,75.0,Home
swans,2015,R11,91.0,Away
collingwood,2015,R11,119.0,Home
gws,2015,R11,77.0,Away
stkilda,2015,R11,85.0,Home
melbourne,2015,R11,83.0,Away
adelaide,2015,R12,85.0,Home
hawthorn,2015,R12,114.0,Away
richmond,2015,R12,70.0,Home
westcoast,2015,R12,90.0,Away
carlton,2015,R12,110.0,Home
padelaide,2015,R12,106.0,Away
gws,2015,R12,61.0,Home
kangaroos,2015,R12,117.0,Away
bullldogs,2015,R12,146.0,Home
brisbanel,2015,R12,74.0,Away
geelong,2015,R12,89.0,Home
melbourne,2015,R12,113.0,Away
fremantle,2015,R13,80.0,Home
collingwood,2015,R13,73.0,Away
swans,2015,R13,77.0,Home
richmond,2015,R13,95.0,Away
hawthorn,2015,R13,114.0,Home
essendon,2015,R13,76.0,Away
brisbanel,2015,R13,69.0,Home
adelaide,2015,R13,82.0,Away
stkilda,2015,R13,56.0,Home
bullldogs,2015,R13,62.0,Away
carlton,2015,R13,103.0,Home
goldcoast,2015,R13,69.0,Away
swans,2015,R14,94.0,Home
padelaide,2015,R14,84.0,Away
collingwood,2015,R14,91.0,Home
hawthorn,2015,R14,101.0,Away
richmond,2015,R14,78.0,Home
gws,2015,R14,69.0,Away
goldcoast,2015,R14,125.0,Home
kangaroos,2015,R14,70.0,Away
bullldogs,2015,R14,64.0,Home
carlton,2015,R14,53.0,Away
melbourne,2015,R14,60.0,Home
westcoast,2015,R14,114.0,Away
essendon,2015,R14,52.0,Home
stkilda,2015,R14,162.0,Away
fremantle,2015,R14,84.0,Home
brisbanel,2015,R14,48.0,Away
padelaide,2015,R15,66.0,Home
collingwood,2015,R15,63.0,Away
richmond,2015,R15,71.0,Home
carlton,2015,R15,41.0,Away
essendon,2015,R15,69.0,Home
melbourne,2015,R15,60.0,Away
bullldogs,2015,R15,95.0,Home
goldcoast,2015,R15,73.0,Away
kangaroos,2015,R15,120.0,Home
geelong,2015,R15,79.0,Away
westcoast,2015,R15,147.0,Home
adelaide,2015,R15,91.0,Away
gws,2015,R15,84.0,Home
stkilda,2015,R15,49.0,Away
hawthorn,2015,R15,115.0,Home
fremantle,2015,R15,43.0,Away
brisbanel,2015,R15,49.0,Home
swans,2015,R15,70.0,Away
kangaroos,2015,R16,93.0,Home
essendon,2015,R16,68.0,Away
geelong,2015,R16,72.0,Home
bullldogs,2015,R16,64.0,Away
goldcoast,2015,R16,79.0,Home
gws,2015,R16,94.0,Away
collingwood,2015,R16,56.0,Home
westcoast,2015,R16,87.0,Away
swans,2015,R16,57.0,Home
hawthorn,2015,R16,146.0,Away
fremantle,2015,R16,95.0,Home
carlton,2015,R16,53.0,Away
melbourne,2015,R16,60.0,Home
brisbanel,2015,R16,36.0,Away
padelaide,2015,R16,113.0,Home
adelaide,2015,R16,116.0,Away
stkilda,2015,R16,73.0,Home
richmond,2015,R16,89.0,Away
carlton,2015,R17,35.0,Home
hawthorn,2015,R17,173.0,Away
gws,2015,R17,42.0,Home
geelong,2015,R17,69.0,Away
adelaide,2015,R17,125.0,Home
goldcoast,2015,R17,80.0,Away
richmond,2015,R17,78.0,Home
fremantle,2015,R17,82.0,Away
essendon,2015,R17,116.0,Home
padelaide,2015,R17,129.0,Away
brisbanel,2015,R17,38.0,Home
kangaroos,2015,R17,110.0,Away
bullldogs,2015,R17,104.0,Home
collingwood,2015,R17,86.0,Away
melbourne,2015,R17,46.0,Home
stkilda,2015,R17,83.0,Away
westcoast,2015,R17,103.0,Home
swans,2015,R17,51.0,Away
hawthorn,2015,R18,53.0,Home
richmond,2015,R18,71.0,Away
geelong,2015,R18,113.0,Home
brisbanel,2015,R18,57.0,Away
collingwood,2015,R18,54.0,Home
melbourne,2015,R18,91.0,Away
swans,2015,R18,117.0,Home
adelaide,2015,R18,65.0,Away
carlton,2015,R18,54.0,Home
kangaroos,2015,R18,118.0,Away
goldcoast,2015,R18,83.0,Home
westcoast,2015,R18,83.0,Away
adelaide,2015,R19,88.0,Home
richmond,2015,R19,52.0,Away
collingwood,2015,R19,105.0,Home
carlton,2015,R19,87.0,Away
bullldogs,2015,R19,128.0,Home
padelaide,2015,R19,64.0,Away
brisbanel,2015,R19,100.0,Home
goldcoast,2015,R19,114.0,Away
geelong,2015,R19,95.0,Home
swans,2015,R19,63.0,Away
westcoast,2015,R19,74.0,Home
hawthorn,2015,R19,88.0,Away
melbourne,2015,R19,92.0,Home
kangaroos,2015,R19,127.0,Away
gws,2015,R19,93.0,Home
essendon,2015,R19,61.0,Away
stkilda,2015,R19,59.0,Home
fremantle,2015,R19,96.0,Away
swans,2015,R20,87.0,Home
collingwood,2015,R20,76.0,Away
essendon,2015,R20,59.0,Home
adelaide,2015,R20,171.0,Away
kangaroos,2015,R20,120.0,Home
stkilda,2015,R20,83.0,Away
padelaide,2015,R20,111.0,Home
gws,2015,R20,90.0,Away
brisbanel,2015,R20,131.0,Home
carlton,2015,R20,67.0,Away
geelong,2015,R20,85.0,Home
hawthorn,2015,R20,121.0,Away
richmond,2015,R20,138.0,Home
goldcoast,2015,R20,55.0,Away
bullldogs,2015,R20,153.0,Home
melbourne,2015,R20,55.0,Away
fremantle,2015,R20,80.0,Home
westcoast,2015,R20,104.0,Away
hawthorn,2015,R21,86.0,Home
padelaide,2015,R21,108.0,Away
collingwood,2015,R21,56.0,Home
richmond,2015,R21,147.0,Away
gws,2015,R21,44.0,Home
swans,2015,R21,133.0,Away
goldcoast,2015,R21,97.0,Home
essendon,2015,R21,95.0,Away
stkilda,2015,R21,97.0,Home
geelong,2015,R21,97.0,Away
geelong,2015,R22,62.0,Home
collingwood,2015,R22,110.0,Away
gws,2015,R22,132.0,Home
carlton,2015,R22,51.0,Away
hawthorn,2015,R22,134.0,Home
brisbanel,2015,R22,62.0,Away
kangaroos,2015,R22,73.0,Home
bullldogs,2015,R22,96.0,Away
essendon,2015,R22,47.0,Home
richmond,2015,R22,74.0,Away
goldcoast,2015,R22,51.0,Home
padelaide,2015,R22,88.0,Away
adelaide,2015,R22,126.0,Home
westcoast,2015,R22,69.0,Away
stkilda,2015,R22,38.0,Home
swans,2015,R22,135.0,Away
fremantle,2015,R22,108.0,Home
melbourne,2015,R22,54.0,Away
richmond,2015,R23,108.0,Home
kangaroos,2015,R23,67.0,Away
geelong,2015,R23,119.0,Home
adelaide,2015,R23,80.0,Away
brisbanel,2015,R23,130.0,Home
bullldogs,2015,R23,122.0,Away
padelaide,2015,R23,122.0,Home
fremantle,2015,R23,53.0,Away
hawthorn,2015,R23,113.0,Home
carlton,2015,R23,56.0,Away
swans,2015,R23,127.0,Home
goldcoast,2015,R23,64.0,Away
westcoast,2015,R23,125.0,Home
stkilda,2015,R23,30.0,Away
melbourne,2015,R23,103.0,Home
gws,2015,R23,77.0,Away
collingwood,2015,R23,92.0,Home
essendon,2015,R23,95.0,Away
richmond,2016,R1,92.0,Home
carlton,2016,R1,83.0,Away
melbourne,2016,R1,80.0,Home
gws,2016,R1,78.0,Away
goldcoast,2016,R1,121.0,Home
essendon,2016,R1,60.0,Away
kangaroos,2016,R1,107.0,Home
adelaide,2016,R1,97.0,Away
swans,2016,R1,133.0,Home
collingwood,2016,R1,53.0,Away
bullldogs,2016,R1,103.0,Home
fremantle,2016,R1,38.0,Away
padelaide,2016,R1,133.0,Home
stkilda,2016,R1,100.0,Away
westcoast,2016,R1,166.0,Home
brisbanel,2016,R1,102.0,Away
geelong,2016,R1,116.0,Home
hawthorn,2016,R1,86.0,Away
collingwood,2016,R2,87.0,Home
richmond,2016,R2,86.0,Away
adelaide,2016,R2,144.0,Home
padelaide,2016,R2,86.0,Away
essendon,2016,R2,80.0,Home
melbourne,2016,R2,67.0,Away
brisbanel,2016,R2,83.0,Home
kangaroos,2016,R2,117.0,Away
stkilda,2016,R2,36.0,Home
bullldogs,2016,R2,93.0,Away
fremantle,2016,R2,100.0,Home
goldcoast,2016,R2,126.0,Away
gws,2016,R2,89.0,Home
geelong,2016,R2,76.0,Away
hawthorn,2016,R2,99.0,Home
westcoast,2016,R2,53.0,Away
carlton,2016,R2,71.0,Home
swans,2016,R2,131.0,Away
padelaide,2016,R3,112.0,Home
essendon,2016,R3,51.0,Away
stkilda,2016,R3,119.0,Home
collingwood,2016,R3,90.0,Away
richmond,2016,R3,92.0,Home
adelaide,2016,R3,128.0,Away
swans,2016,R3,93.0,Home
gws,2016,R3,68.0,Away
goldcoast,2016,R3,95.0,Home
carlton,2016,R3,41.0,Away
westcoast,2016,R3,92.0,Home
fremantle,2016,R3,59.0,Away
kangaroos,2016,R3,136.0,Home
melbourne,2016,R3,131.0,Away
bullldogs,2016,R3,90.0,Home
hawthorn,2016,R3,93.0,Away
geelong,2016,R3,125.0,Home
brisbanel,2016,R3,56.0,Away
westcoast,2016,R4,125.0,Home
richmond,2016,R4,57.0,Away
essendon,2016,R4,42.0,Home
geelong,2016,R4,72.0,Away
hawthorn,2016,R4,87.0,Home
stkilda,2016,R4,84.0,Away
brisbanel,2016,R4,107.0,Home
goldcoast,2016,R4,94.0,Away
carlton,2016,R4,49.0,Home
bullldogs,2016,R4,85.0,Away
adelaide,2016,R4,113.0,Home
swans,2016,R4,103.0,Away
gws,2016,R4,151.0,Home
padelaide,2016,R4,65.0,Away
collingwood,2016,R4,67.0,Home
melbourne,2016,R4,102.0,Away
kangaroos,2016,R4,132.0,Home
fremantle,2016,R4,101.0,Away
hawthorn,2016,R5,112.0,Home
adelaide,2016,R5,109.0,Away
swans,2016,R5,88.0,Home
westcoast,2016,R5,49.0,Away
goldcoast,2016,R5,81.0,Home
kangaroos,2016,R5,119.0,Away
bullldogs,2016,R5,120.0,Home
brisbanel,2016,R5,67.0,Away
padelaide,2016,R5,59.0,Home
geelong,2016,R5,107.0,Away
stkilda,2016,R5,79.0,Home
gws,2016,R5,126.0,Away
fremantle,2016,R5,68.0,Home
carlton,2016,R5,72.0,Away
melbourne,2016,R5,129.0,Home
richmond,2016,R5,96.0,Away
collingwood,2016,R5,142.0,Home
essendon,2016,R5,73.0,Away
kangaroos,2016,R6,61.0,Home
bullldogs,2016,R6,45.0,Away
melbourne,2016,R6,96.0,Home
stkilda,2016,R6,135.0,Away
adelaide,2016,R6,97.0,Home
fremantle,2016,R6,64.0,Away
gws,2016,R6,158.0,Home
hawthorn,2016,R6,83.0,Away
geelong,2016,R6,168.0,Home
goldcoast,2016,R6,48.0,Away
richmond,2016,R6,59.0,Home
padelaide,2016,R6,94.0,Away
brisbanel,2016,R6,94.0,Home
swans,2016,R6,97.0,Away
carlton,2016,R6,72.0,Home
essendon,2016,R6,57.0,Away
westcoast,2016,R6,124.0,Home
collingwood,2016,R6,62.0,Away
richmond,2016,R7,90.0,Home
hawthorn,2016,R7,136.0,Away
collingwood,2016,R7,84.0,Home
carlton,2016,R7,99.0,Away
geelong,2016,R7,123.0,Home
westcoast,2016,R7,79.0,Away
swans,2016,R7,135.0,Home
essendon,2016,R7,54.0,Away
goldcoast,2016,R7,87.0,Home
melbourne,2016,R7,160.0,Away
bullldogs,2016,R7,123.0,Home
adelaide,2016,R7,108.0,Away
fremantle,2016,R7,77.0,Home
gws,2016,R7,95.0,Away
stkilda,2016,R7,75.0,Home
kangaroos,2016,R7,82.0,Away
padelaide,2016,R7,136.0,Home
brisbanel,2016,R7,59.0,Away
adelaide,2016,R8,72.0,Home
geelong,2016,R8,98.0,Away
essendon,2016,R8,60.0,Home
kangaroos,2016,R8,74.0,Away
hawthorn,2016,R8,116.0,Home
fremantle,2016,R8,75.0,Away
gws,2016,R8,149.0,Home
goldcoast,2016,R8,58.0,Away
brisbanel,2016,R8,65.0,Home
collingwood,2016,R8,143.0,Away
richmond,2016,R8,101.0,Home
swans,2016,R8,100.0,Away
carlton,2016,R8,93.0,Home
padelaide,2016,R8,91.0,Away
melbourne,2016,R8,82.0,Home
bullldogs,2016,R8,114.0,Away
westcoast,2016,R8,132.0,Home
stkilda,2016,R8,29.0,Away
hawthorn,2016,R9,55.0,Home
swans,2016,R9,69.0,Away
collingwood,2016,R9,104.0,Home
geelong,2016,R9,80.0,Away
goldcoast,2016,R9,74.0,Home
adelaide,2016,R9,149.0,Away
padelaide,2016,R9,86.0,Home
westcoast,2016,R9,94.0,Away
kangaroos,2016,R9,113.0,Home
carlton,2016,R9,46.0,Away
fremantle,2016,R9,45.0,Home
richmond,2016,R9,83.0,Away
melbourne,2016,R9,131.0,Home
brisbanel,2016,R9,68.0,Away
gws,2016,R9,98.0,Home
bullldogs,2016,R9,73.0,Away
stkilda,2016,R9,109.0,Home
essendon,2016,R9,63.0,Away
swans,2016,R10,91.0,Home
kangaroos,2016,R10,65.0,Away
brisbanel,2016,R10,87.0,Home
hawthorn,2016,R10,135.0,Away
melbourne,2016,R10,76.0,Home
padelaide,2016,R10,121.0,Away
stkilda,2016,R10,101.0,Home
fremantle,2016,R10,67.0,Away
essendon,2016,R10,67.0,Home
richmond,2016,R10,105.0,Away
adelaide,2016,R10,107.0,Home
gws,2016,R10,85.0,Away
carlton,2016,R10,104.0,Home
geelong,2016,R10,85.0,Away
collingwood,2016,R10,53.0,Home
bullldogs,2016,R10,74.0,Away
westcoast,2016,R10,132.0,Home
goldcoast,2016,R10,55.0,Away
kangaroos,2016,R11,124.0,Home
richmond,2016,R11,54.0,Away
hawthorn,2016,R11,82.0,Home
melbourne,2016,R11,64.0,Away
carlton,2016,R11,102.0,Home
brisbanel,2016,R11,64.0,Away
geelong,2016,R11,98.0,Home
gws,2016,R11,88.0,Away
goldcoast,2016,R11,41.0,Home
swans,2016,R11,79.0,Away
fremantle,2016,R11,126.0,Home
essendon,2016,R11,47.0,Away
collingwood,2016,R11,58.0,Home
padelaide,2016,R11,125.0,Away
bullldogs,2016,R11,83.0,Home
westcoast,2016,R11,75.0,Away
adelaide,2016,R11,133.0,Home
stkilda,2016,R11,45.0,Away
essendon,2016,R12,43.0,Home
hawthorn,2016,R12,151.0,Away
padelaide,2016,R12,97.0,Home
bullldogs,2016,R12,100.0,Away
brisbanel,2016,R12,64.0,Home
fremantle,2016,R12,147.0,Away
geelong,2016,R12,105.0,Home
kangaroos,2016,R12,74.0,Away
westcoast,2016,R12,76.0,Home
adelaide,2016,R12,105.0,Away
stkilda,2016,R12,110.0,Home
carlton,2016,R12,78.0,Away
richmond,2016,R12,114.0,Home
goldcoast,2016,R12,97.0,Away
gws,2016,R12,105.0,Home
swans,2016,R12,63.0,Away
melbourne,2016,R12,104.0,Home
collingwood,2016,R12,58.0,Away
kangaroos,2016,R13,84.0,Home
hawthorn,2016,R13,93.0,Away
brisbanel,2016,R13,82.0,Home
westcoast,2016,R13,131.0,Away
fremantle,2016,R13,86.0,Home
padelaide,2016,R13,69.0,Away
bullldogs,2016,R13,43.0,Home
geelong,2016,R13,100.0,Away
swans,2016,R13,86.0,Home
melbourne,2016,R13,31.0,Away
essendon,2016,R13,90.0,Home
gws,2016,R13,117.0,Away
adelaide,2016,R14,100.0,Home
kangaroos,2016,R14,67.0,Away
collingwood,2016,R14,85.0,Home
fremantle,2016,R14,37.0,Away
richmond,2016,R14,117.0,Home
brisbanel,2016,R14,75.0,Away
gws,2016,R14,127.0,Home
carlton,2016,R14,65.0,Away
stkilda,2016,R14,93.0,Home
geelong,2016,R14,90.0,Away
hawthorn,2016,R14,86.0,Home
goldcoast,2016,R14,60.0,Away
westcoast,2016,R15,130.0,Home
essendon,2016,R15,52.0,Away
padelaide,2016,R15,94.0,Home
richmond,2016,R15,56.0,Away
goldcoast,2016,R15,108.0,Home
stkilda,2016,R15,68.0,Away
swans,2016,R15,79.0,Home
bullldogs,2016,R15,83.0,Away
carlton,2016,R15,45.0,Home
collingwood,2016,R15,57.0,Away
melbourne,2016,R15,98.0,Home
adelaide,2016,R15,120.0,Away
padelaide,2016,R16,79.0,Home
hawthorn,2016,R16,101.0,Away
geelong,2016,R16,60.0,Home
swans,2016,R16,98.0,Away
gws,2016,R16,93.0,Home
collingwood,2016,R16,125.0,Away
goldcoast,2016,R16,139.0,Home
brisbanel,2016,R16,113.0,Away
bullldogs,2016,R16,85.0,Home
richmond,2016,R16,75.0,Away
melbourne,2016,R16,87.0,Home
fremantle,2016,R16,55.0,Away
carlton,2016,R16,47.0,Home
adelaide,2016,R16,107.0,Away
westcoast,2016,R16,104.0,Home
kangaroos,2016,R16,72.0,Away
essendon,2016,R16,98.0,Home
stkilda,2016,R16,109.0,Away
swans,2016,R17,70.0,Home
hawthorn,2016,R17,75.0,Away
fremantle,2016,R17,61.0,Home
geelong,2016,R17,78.0,Away
richmond,2016,R17,102.0,Home
essendon,2016,R17,83.0,Away
kangaroos,2016,R17,77.0,Home
padelaide,2016,R17,105.0,Away
bullldogs,2016,R17,107.0,Home
goldcoast,2016,R17,59.0,Away
adelaide,2016,R17,97.0,Home
collingwood,2016,R17,69.0,Away
carlton,2016,R17,75.0,Home
westcoast,2016,R17,82.0,Away
stkilda,2016,R17,110.0,Home
melbourne,2016,R17,74.0,Away
brisbanel,2016,R17,67.0,Home
gws,2016,R17,146.0,Away
collingwood,2016,R18,84.0,Home
kangaroos,2016,R18,124.0,Away
swans,2016,R18,74.0,Home
carlton,2016,R18,68.0,Away
goldcoast,2016,R18,105.0,Home
fremantle,2016,R18,81.0,Away
westcoast,2016,R18,66.0,Home
melbourne,2016,R18,60.0,Away
geelong,2016,R18,85.0,Home
adelaide,2016,R18,55.0,Away
bullldogs,2016,R18,60.0,Home
stkilda,2016,R18,75.0,Away
essendon,2016,R18,91.0,Home
brisbanel,2016,R18,128.0,Away
hawthorn,2016,R18,114.0,Home
richmond,2016,R18,44.0,Away
padelaide,2016,R18,60.0,Home
gws,2016,R18,79.0,Away
geelong,2016,R19,103.0,Home
bullldogs,2016,R19,78.0,Away
gws,2016,R19,111.0,Home
richmond,2016,R19,23.0,Away
hawthorn,2016,R19,74.0,Home
carlton,2016,R19,55.0,Away
collingwood,2016,R19,91.0,Home
westcoast,2016,R19,72.0,Away
kangaroos,2016,R19,85.0,Home
stkilda,2016,R19,62.0,Away
brisbanel,2016,R19,79.0,Home
padelaide,2016,R19,173.0,Away
melbourne,2016,R19,66.0,Home
goldcoast,2016,R19,64.0,Away
fremantle,2016,R19,47.0,Home
swans,2016,R19,137.0,Away
adelaide,2016,R19,143.0,Home
essendon,2016,R19,61.0,Away
richmond,2016,R20,92.0,Home
collingwood,2016,R20,77.0,Away
swans,2016,R20,100.0,Home
padelaide,2016,R20,33.0,Away
melbourne,2016,R20,110.0,Home
hawthorn,2016,R20,81.0,Away
goldcoast,2016,R20,84.0,Home
gws,2016,R20,92.0,Away
bullldogs,2016,R20,61.0,Home
kangaroos,2016,R20,47.0,Away
adelaide,2016,R20,177.0,Home
brisbanel,2016,R20,39.0,Away
carlton,2016,R20,51.0,Home
stkilda,2016,R20,122.0,Away
geelong,2016,R20,100.0,Home
essendon,2016,R20,34.0,Away
fremantle,2016,R20,64.0,Home
westcoast,2016,R20,110.0,Away
bullldogs,2016,R21,95.0,Home
collingwood,2016,R21,92.0,Away
brisbanel,2016,R21,99.0,Home
carlton,2016,R21,95.0,Away
hawthorn,2016,R21,96.0,Home
kangaroos,2016,R21,57.0,Away
gws,2016,R21,96.0,Home
westcoast,2016,R21,97.0,Away
stkilda,2016,R21,76.0,Home
swans,2016,R21,146.0,Away
padelaide,2016,R21,54.0,Home
melbourne,2016,R21,94.0,Away
essendon,2016,R21,75.0,Home
goldcoast,2016,R21,69.0,Away
richmond,2016,R21,78.0,Home
geelong,2016,R21,82.0,Away
fremantle,2016,R21,70.0,Home
adelaide,2016,R21,142.0,Away
westcoast,2016,R22,92.0,Home
hawthorn,2016,R22,67.0,Away
kangaroos,2016,R22,76.0,Home
swans,2016,R22,85.0,Away
richmond,2016,R22,46.0,Home
stkilda,2016,R22,55.0,Away
gws,2016,R22,129.0,Home
fremantle,2016,R22,37.0,Away
collingwood,2016,R22,118.0,Home
goldcoast,2016,R22,47.0,Away
padelaide,2016,R22,94.0,Home
adelaide,2016,R22,109.0,Away
carlton,2016,R22,78.0,Home
melbourne,2016,R22,58.0,Away
brisbanel,2016,R22,69.0,Home
geelong,2016,R22,129.0,Away
essendon,2016,R22,53.0,Home
bullldogs,2016,R22,93.0,Away
adelaide,2016,R23,71.0,Home
westcoast,2016,R23,100.0,Away
geelong,2016,R23,155.0,Home
melbourne,2016,R23,44.0,Away
essendon,2016,R23,103.0,Home
carlton,2016,R23,79.0,Away
swans,2016,R23,164.0,Home
richmond,2016,R23,51.0,Away
kangaroos,2016,R23,63.0,Home
gws,2016,R23,100.0,Away
goldcoast,2016,R23,66.0,Home
padelaide,2016,R23,89.0,Away
stkilda,2016,R23,161.0,Home
brisbanel,2016,R23,103.0,Away
hawthorn,2016,R23,112.0,Home
collingwood,2016,R23,111.0,Away
fremantle,2016,R23,69.0,Home
bullldogs,2016,R23,49.0,Away
carlton,2017,R1,89.0,Home
richmond,2017,R1,132.0,Away
collingwood,2017,R1,86.0,Home
bullldogs,2017,R1,100.0,Away
stkilda,2017,R1,90.0,Home
melbourne,2017,R1,120.0,Away
swans,2017,R1,82.0,Home
padelaide,2017,R1,110.0,Away
essendon,2017,R1,116.0,Home
hawthorn,2017,R1,91.0,Away
goldcoast,2017,R1,96.0,Home
brisbanel,2017,R1,98.0,Away
kangaroos,2017,R1,93.0,Home
westcoast,2017,R1,136.0,Away
adelaide,2017,R1,147.0,Home
gws,2017,R1,91.0,Away
fremantle,2017,R1,73.0,Home
geelong,2017,R1,115.0,Away
richmond,2017,R2,99.0,Home
collingwood,2017,R2,80.0,Away
bullldogs,2017,R2,110.0,Home
swans,2017,R2,87.0,Away
hawthorn,2017,R2,89.0,Home
adelaide,2017,R2,113.0,Away
gws,2017,R2,160.0,Home
goldcoast,2017,R2,58.0,Away
brisbanel,2017,R2,84.0,Home
essendon,2017,R2,111.0,Away
westcoast,2017,R2,116.0,Home
stkilda,2017,R2,97.0,Away
geelong,2017,R2,112.0,Home
kangaroos,2017,R2,111.0,Away
melbourne,2017,R2,86.0,Home
carlton,2017,R2,64.0,Away
padelaide,2017,R2,145.0,Home
fremantle,2017,R2,56.0,Away
swans,2017,R3,79.0,Home
collingwood,2017,R3,80.0,Away
kangaroos,2017,R3,67.0,Home
gws,2017,R3,109.0,Away
richmond,2017,R3,76.0,Home
westcoast,2017,R3,65.0,Away
geelong,2017,R3,126.0,Home
melbourne,2017,R3,97.0,Away
fremantle,2017,R3,89.0,Home
bullldogs,2017,R3,73.0,Away
padelaide,2017,R3,83.0,Home
adelaide,2017,R3,100.0,Away
stkilda,2017,R3,107.0,Home
brisbanel,2017,R3,76.0,Away
carlton,2017,R3,57.0,Home
essendon,2017,R3,42.0,Away
goldcoast,2017,R3,139.0,Home
hawthorn,2017,R3,53.0,Away
westcoast,2017,R4,91.0,Home
swans,2017,R4,65.0,Away
kangaroos,2017,R4,86.0,Home
bullldogs,2017,R4,89.0,Away
melbourne,2017,R4,104.0,Home
fremantle,2017,R4,106.0,Away
gws,2017,R4,112.0,Home
padelaide,2017,R4,81.0,Away
carlton,2017,R4,82.0,Home
goldcoast,2017,R4,108.0,Away
adelaide,2017,R4,153.0,Home
essendon,2017,R4,88.0,Away
collingwood,2017,R4,55.0,Home
stkilda,2017,R4,69.0,Away
brisbanel,2017,R4,67.0,Home
richmond,2017,R4,119.0,Away
hawthorn,2017,R4,48.0,Home
geelong,2017,R4,134.0,Away
padelaide,2017,R5,137.0,Home
carlton,2017,R5,47.0,Away
bullldogs,2017,R5,122.0,Home
brisbanel,2017,R5,90.0,Away
goldcoast,2017,R5,86.0,Home
adelaide,2017,R5,153.0,Away
swans,2017,R5,63.0,Home
gws,2017,R5,105.0,Away
fremantle,2017,R5,67.0,Home
kangaroos,2017,R5,62.0,Away
stkilda,2017,R5,88.0,Home
geelong,2017,R5,126.0,Away
hawthorn,2017,R5,125.0,Home
westcoast,2017,R5,75.0,Away
richmond,2017,R5,88.0,Home
melbourne,2017,R5,75.0,Away
essendon,2017,R5,100.0,Home
collingwood,2017,R5,82.0,Away
gws,2017,R6,75.0,Home
bullldogs,2017,R6,73.0,Away
hawthorn,2017,R6,55.0,Home
stkilda,2017,R6,130.0,Away
carlton,2017,R6,97.0,Home
swans,2017,R6,78.0,Away
brisbanel,2017,R6,67.0,Home
padelaide,2017,R6,150.0,Away
kangaroos,2017,R6,107.0,Home
goldcoast,2017,R6,94.0,Away
westcoast,2017,R6,103.0,Home
fremantle,2017,R6,62.0,Away
essendon,2017,R6,74.0,Home
melbourne,2017,R6,112.0,Away
geelong,2017,R6,78.0,Home
collingwood,2017,R6,107.0,Away
adelaide,2017,R6,140.0,Home
richmond,2017,R6,64.0,Away
stkilda,2017,R7,108.0,Home
gws,2017,R7,85.0,Away
kangaroos,2017,R7,145.0,Home
adelaide,2017,R7,86.0,Away
collingwood,2017,R7,56.0,Home
carlton,2017,R7,79.0,Away
padelaide,2017,R7,87.0,Home
westcoast,2017,R7,97.0,Away
bullldogs,2017,R7,80.0,Home
richmond,2017,R7,75.0,Away
goldcoast,2017,R7,124.0,Home
geelong,2017,R7,99.0,Away
swans,2017,R7,135.0,Home
brisbanel,2017,R7,81.0,Away
melbourne,2017,R7,91.0,Home
hawthorn,2017,R7,94.0,Away
fremantle,2017,R7,116.0,Home
essendon,2017,R7,79.0,Away
westcoast,2017,R8,69.0,Home
bullldogs,2017,R8,61.0,Away
hawthorn,2017,R8,113.0,Home
brisbanel,2017,R8,75.0,Away
stkilda,2017,R8,85.0,Home
carlton,2017,R8,66.0,Away
gws,2017,R8,102.0,Home
collingwood,2017,R8,99.0,Away
essendon,2017,R8,110.0,Home
geelong,2017,R8,93.0,Away
adelaide,2017,R8,66.0,Home
melbourne,2017,R8,107.0,Away
richmond,2017,R8,70.0,Home
fremantle,2017,R8,72.0,Away
goldcoast,2017,R8,38.0,Home
padelaide,2017,R8,110.0,Away
kangaroos,2017,R8,78.0,Home
swans,2017,R8,120.0,Away
geelong,2017,R9,104.0,Home
bullldogs,2017,R9,81.0,Away
stkilda,2017,R9,68.0,Home
swans,2017,R9,118.0,Away
gws,2017,R9,78.0,Home
richmond,2017,R9,75.0,Away
brisbanel,2017,R9,60.0,Home
adelaide,2017,R9,140.0,Away
collingwood,2017,R9,90.0,Home
hawthorn,2017,R9,72.0,Away
essendon,2017,R9,125.0,Home
westcoast,2017,R9,64.0,Away
melbourne,2017,R9,90.0,Home
kangaroos,2017,R9,104.0,Away
fremantle,2017,R9,86.0,Home
carlton,2017,R9,51.0,Away
geelong,2017,R10,81.0,Home
padelaide,2017,R10,79.0,Away
swans,2017,R10,75.0,Home
hawthorn,2017,R10,81.0,Away
bullldogs,2017,R10,90.0,Home
stkilda,2017,R10,50.0,Away
melbourne,2017,R10,122.0,Home
goldcoast,2017,R10,87.0,Away
richmond,2017,R10,81.0,Home
essendon,2017,R10,66.0,Away
adelaide,2017,R10,143.0,Home
fremantle,2017,R10,43.0,Away
collingwood,2017,R10,129.0,Home
brisbanel,2017,R10,84.0,Away
carlton,2017,R10,96.0,Home
kangaroos,2017,R10,113.0,Away
westcoast,2017,R10,90.0,Home
gws,2017,R10,98.0,Away
padelaide,2017,R11,98.0,Home
hawthorn,2017,R11,47.0,Away
geelong,2017,R11,96.0,Home
adelaide,2017,R11,74.0,Away
goldcoast,2017,R11,80.0,Home
westcoast,2017,R11,77.0,Away
gws,2017,R11,117.0,Home
essendon,2017,R11,101.0,Away
kangaroos,2017,R11,66.0,Home
richmond,2017,R11,101.0,Away
fremantle,2017,R11,85.0,Home
collingwood,2017,R11,105.0,Away
swans,2017,R12,88.0,Home
bullldogs,2017,R12,42.0,Away
adelaide,2017,R12,111.0,Home
stkilda,2017,R12,54.0,Away
hawthorn,2017,R12,79.0,Home
goldcoast,2017,R12,95.0,Away
brisbanel,2017,R12,121.0,Home
fremantle,2017,R12,64.0,Away
essendon,2017,R12,131.0,Home
padelaide,2017,R12,61.0,Away
carlton,2017,R12,71.0,Home
gws,2017,R12,70.0,Away
melbourne,2017,R12,104.0,Home
collingwood,2017,R12,100.0,Away
westcoast,2017,R13,83.0,Home
geelong,2017,R13,70.0,Away
kangaroos,2017,R13,72.0,Home
stkilda,2017,R13,89.0,Away
richmond,2017,R13,71.0,Home
swans,2017,R13,80.0,Away
padelaide,2017,R13,121.0,Home
brisbanel,2017,R13,81.0,Away
goldcoast,2017,R13,73.0,Home
carlton,2017,R13,83.0,Away
bullldogs,2017,R13,56.0,Home
melbourne,2017,R13,113.0,Away
adelaide,2017,R14,82.0,Home
hawthorn,2017,R14,96.0,Away
swans,2017,R14,86.0,Home
essendon,2017,R14,85.0,Away
collingwood,2017,R14,62.0,Home
padelaide,2017,R14,93.0,Away
brisbanel,2017,R14,86.0,Home
gws,2017,R14,146.0,Away
bullldogs,2017,R14,107.0,Home
kangaroos,2017,R14,106.0,Away
westcoast,2017,R14,96.0,Home
melbourne,2017,R14,99.0,Away
geelong,2017,R14,74.0,Home
fremantle,2017,R14,72.0,Away
richmond,2017,R14,84.0,Home
carlton,2017,R14,58.0,Away
stkilda,2017,R14,103.0,Home
goldcoast,2017,R14,72.0,Away
melbourne,2017,R15,50.0,Home
swans,2017,R15,85.0,Away
bullldogs,2017,R15,80.0,Home
westcoast,2017,R15,87.0,Away
carlton,2017,R15,77.0,Home
adelaide,2017,R15,89.0,Away
goldcoast,2017,R15,118.0,Home
kangaroos,2017,R15,99.0,Away
gws,2017,R15,68.0,Home
geelong,2017,R15,68.0,Away
adelaide,2017,R16,104.0,Home
bullldogs,2017,R16,45.0,Away
hawthorn,2017,R16,97.0,Home
gws,2017,R16,97.0,Away
stkilda,2017,R17,57.0,Home
essendon,2017,R17,118.0,Away
geelong,2017,R17,88.0,Home
hawthorn,2017,R17,85.0,Away
padelaide,2017,R17,127.0,Home
kangaroos,2017,R17,57.0,Away
goldcoast,2017,R17,88.0,Home
collingwood,2017,R17,103.0,Away
gws,2017,R17,83.0,Home
swans,2017,R17,96.0,Away
melbourne,2017,R17,70.0,Home
adelaide,2017,R17,116.0,Away
richmond,2017,R17,112.0,Home
brisbanel,2017,R17,81.0,Away
carlton,2017,R17,62.0,Home
bullldogs,2017,R17,82.0,Away
fremantle,2017,R17,44.0,Home
westcoast,2017,R17,74.0,Away
adelaide,2017,R18,91.0,Home
geelong,2017,R18,70.0,Away
essendon,2017,R18,132.0,Home
kangaroos,2017,R18,105.0,Away
melbourne,2017,R18,88.0,Home
padelaide,2017,R18,65.0,Away
bullldogs,2017,R18,110.0,Home
goldcoast,2017,R18,56.0,Away
swans,2017,R18,101.0,Home
stkilda,2017,R18,59.0,Away
fremantle,2017,R18,48.0,Home
hawthorn,2017,R18,100.0,Away
richmond,2017,R18,64.0,Home
gws,2017,R18,45.0,Away
collingwood,2017,R18,93.0,Home
westcoast,2017,R18,85.0,Away
brisbanel,2017,R18,112.0,Home
carlton,2017,R18,82.0,Away
hawthorn,2017,R19,72.0,Home
swans,2017,R19,66.0,Away
kangaroos,2017,R19,76.0,Home
melbourne,2017,R19,72.0,Away
gws,2017,R19,98.0,Home
fremantle,2017,R19,86.0,Away
padelaide,2017,R19,63.0,Home
stkilda,2017,R19,61.0,Away
carlton,2017,R19,58.0,Home
geelong,2017,R19,123.0,Away
goldcoast,2017,R19,65.0,Home
richmond,2017,R19,98.0,Away
bullldogs,2017,R19,127.0,Home
essendon,2017,R19,97.0,Away
collingwood,2017,R19,103.0,Home
adelaide,2017,R19,103.0,Away
geelong,2017,R20,61.0,Home
swans,2017,R20,107.0,Away
gws,2017,R20,97.0,Home
melbourne,2017,R20,62.0,Away
essendon,2017,R20,84.0,Home
carlton,2017,R20,76.0,Away
brisbanel,2017,R20,89.0,Home
bullldogs,2017,R20,103.0,Away
kangaroos,2017,R20,57.0,Home
collingwood,2017,R20,111.0,Away
fremantle,2017,R20,90.0,Home
goldcoast,2017,R20,67.0,Away
stkilda,2017,R20,103.0,Home
westcoast,2017,R20,95.0,Away
richmond,2017,R20,93.0,Home
hawthorn,2017,R20,64.0,Away
adelaide,2017,R20,130.0,Home
padelaide,2017,R20,46.0,Away
bullldogs,2017,R21,57.0,Home
gws,2017,R21,105.0,Away
swans,2017,R21,143.0,Home
fremantle,2017,R21,39.0,Away
geelong,2017,R21,80.0,Home
richmond,2017,R21,66.0,Away
brisbanel,2017,R21,142.0,Home
goldcoast,2017,R21,84.0,Away
essendon,2017,R21,80.0,Home
adelaide,2017,R21,123.0,Away
westcoast,2017,R21,100.0,Home
carlton,2017,R21,83.0,Away
melbourne,2017,R21,96.0,Home
stkilda,2017,R21,72.0,Away
hawthorn,2017,R21,116.0,Home
kangaroos,2017,R21,89.0,Away
padelaide,2017,R21,98.0,Home
collingwood,2017,R21,71.0,Away
adelaide,2017,R22,80.0,Home
swans,2017,R22,83.0,Away
bullldogs,2017,R22,79.0,Home
padelaide,2017,R22,96.0,Away
collingwood,2017,R22,59.0,Home
geelong,2017,R22,70.0,Away
gws,2017,R22,81.0,Home
westcoast,2017,R22,60.0,Away
carlton,2017,R22,77.0,Home
hawthorn,2017,R22,70.0,Away
goldcoast,2017,R22,57.0,Home
essendon,2017,R22,90.0,Away
melbourne,2017,R22,104.0,Home
brisbanel,2017,R22,91.0,Away
stkilda,2017,R22,127.0,Home
kangaroos,2017,R22,78.0,Away
fremantle,2017,R22,51.0,Home
richmond,2017,R22,155.0,Away
hawthorn,2017,R23,99.0,Home
bullldogs,2017,R23,90.0,Away
collingwood,2017,R23,99.0,Home
melbourne,2017,R23,83.0,Away
brisbanel,2017,R23,79.0,Home
kangaroos,2017,R23,130.0,Away
swans,2017,R23,138.0,Home
carlton,2017,R23,57.0,Away
geelong,2017,R23,103.0,Home
gws,2017,R23,59.0,Away
padelaide,2017,R23,135.0,Home
goldcoast,2017,R23,20.0,Away
essendon,2017,R23,107.0,Home
fremantle,2017,R23,92.0,Away
richmond,2017,R23,122.0,Home
stkilda,2017,R23,81.0,Away
westcoast,2017,R23,100.0,Home
adelaide,2017,R23,71.0,Away
richmond,2018,R1,121.0,Home
carlton,2018,R1,95.0,Away
essendon,2018,R1,99.0,Home
adelaide,2018,R1,87.0,Away
stkilda,2018,R1,107.0,Home
brisbanel,2018,R1,82.0,Away
padelaide,2018,R1,110.0,Home
fremantle,2018,R1,60.0,Away
goldcoast,2018,R1,55.0,Home
kangaroos,2018,R1,39.0,Away
hawthorn,2018,R1,101.0,Home
collingwood,2018,R1,67.0,Away
gws,2018,R1,133.0,Home
bullldogs,2018,R1,51.0,Away
melbourne,2018,R1,94.0,Home
geelong,2018,R1,97.0,Away
westcoast,2018,R1,86.0,Home
swans,2018,R1,115.0,Away
adelaide,2018,R2,118.0,Home
richmond,2018,R2,82.0,Away
kangaroos,2018,R2,95.0,Home
stkilda,2018,R2,43.0,Away
carlton,2018,R2,67.0,Home
goldcoast,2018,R2,101.0,Away
collingwood,2018,R2,79.0,Home
gws,2018,R2,95.0,Away
brisbanel,2018,R2,74.0,Home
melbourne,2018,R2,100.0,Away
fremantle,2018,R2,106.0,Home
essendon,2018,R2,90.0,Away
bullldogs,2018,R2,70.0,Home
westcoast,2018,R2,121.0,Away
swans,2018,R2,71.0,Home
padelaide,2018,R2,94.0,Away
geelong,2018,R2,117.0,Home
hawthorn,2018,R2,118.0,Away
carlton,2018,R3,76.0,Home
collingwood,2018,R3,100.0,Away
padelaide,2018,R3,97.0,Home
brisbanel,2018,R3,92.0,Away
melbourne,2018,R3,123.0,Home
kangaroos,2018,R3,86.0,Away
goldcoast,2018,R3,68.0,Home
fremantle,2018,R3,96.0,Away
stkilda,2018,R3,55.0,Home
adelaide,2018,R3,104.0,Away
swans,2018,R3,103.0,Home
gws,2018,R3,87.0,Away
richmond,2018,R3,102.0,Home
hawthorn,2018,R3,89.0,Away
bullldogs,2018,R3,104.0,Home
essendon,2018,R3,83.0,Away
westcoast,2018,R3,95.0,Home
geelong,2018,R3,80.0,Away
adelaide,2018,R4,58.0,Home
collingwood,2018,R4,106.0,Away
gws,2018,R4,82.0,Home
fremantle,2018,R4,51.0,Away
richmond,2018,R4,110.0,Home
brisbanel,2018,R4,17.0,Away
bullldogs,2018,R4,79.0,Home
swans,2018,R4,86.0,Away
kangaroos,2018,R4,116.0,Home
carlton,2018,R4,30.0,Away
westcoast,2018,R4,139.0,Home
goldcoast,2018,R4,59.0,Away
essendon,2018,R4,106.0,Home
padelaide,2018,R4,84.0,Away
hawthorn,2018,R4,115.0,Home
melbourne,2018,R4,48.0,Away
geelong,2018,R4,103.0,Home
stkilda,2018,R4,56.0,Away
swans,2018,R5,75.0,Home
adelaide,2018,R5,85.0,Away
stkilda,2018,R5,73.0,Home
gws,2018,R5,73.0,Away
bullldogs,2018,R6,80.0,Home
carlton,2018,R6,59.0,Away
geelong,2018,R6,69.0,Home
swans,2018,R6,86.0,Away
kangaroos,2018,R6,69.0,Home
padelaide,2018,R6,102.0,Away
gws,2018,R6,77.0,Home
brisbanel,2018,R6,43.0,Away
hawthorn,2018,R6,89.0,Home
stkilda,2018,R6,54.0,Away
adelaide,2018,R6,110.0,Home
goldcoast,2018,R6,62.0,Away
essendon,2018,R6,72.0,Home
melbourne,2018,R6,108.0,Away
collingwood,2018,R6,70.0,Home
richmond,2018,R6,113.0,Away
fremantle,2018,R6,81.0,Home
westcoast,2018,R6,89.0,Away
geelong,2018,R7,93.0,Home
gws,2018,R7,32.0,Away
bullldogs,2018,R7,81.0,Home
goldcoast,2018,R7,72.0,Away
essendon,2018,R7,67.0,Home
hawthorn,2018,R7,90.0,Away
westcoast,2018,R7,102.0,Home
padelaide,2018,R7,60.0,Away
swans,2018,R7,66.0,Home
kangaroos,2018,R7,68.0,Away
adelaide,2018,R7,125.0,Home
carlton,2018,R7,70.0,Away
richmond,2018,R7,110.0,Home
fremantle,2018,R7,33.0,Away
stkilda,2018,R7,67.0,Home
melbourne,2018,R7,106.0,Away
brisbanel,2018,R7,114.0,Home
collingwood,2018,R7,121.0,Away
hawthorn,2018,R8,71.0,Home
swans,2018,R8,79.0,Away
gws,2018,R8,61.0,Home
westcoast,2018,R8,86.0,Away
carlton,2018,R8,91.0,Home
essendon,2018,R8,78.0,Away
goldcoast,2018,R8,77.0,Home
melbourne,2018,R8,146.0,Away
padelaide,2018,R8,95.0,Home
adelaide,2018,R8,90.0,Away
bullldogs,2018,R8,107.0,Home
brisbanel,2018,R8,93.0,Away
fremantle,2018,R8,89.0,Home
stkilda,2018,R8,59.0,Away
kangaroos,2018,R8,72.0,Home
richmond,2018,R8,82.0,Away
collingwood,2018,R8,45.0,Home
geelong,2018,R8,66.0,Away
adelaide,2018,R9,63.0,Home
bullldogs,2018,R9,26.0,Away
kangaroos,2018,R9,112.0,Home
gws,2018,R9,69.0,Away
goldcoast,2018,R9,42.0,Home
padelaide,2018,R9,82.0,Away
essendon,2018,R9,84.0,Home
geelong,2018,R9,50.0,Away
stkilda,2018,R9,72.0,Home
collingwood,2018,R9,100.0,Away
swans,2018,R9,111.0,Home
fremantle,2018,R9,52.0,Away
carlton,2018,R9,50.0,Home
melbourne,2018,R9,159.0,Away
brisbanel,2018,R9,129.0,Home
hawthorn,2018,R9,73.0,Away
westcoast,2018,R9,130.0,Home
richmond,2018,R9,83.0,Away
collingwood,2018,R10,90.0,Home
bullldogs,2018,R10,55.0,Away
richmond,2018,R10,105.0,Home
stkilda,2018,R10,77.0,Away
brisbanel,2018,R10,49.0,Home
swans,2018,R10,67.0,Away
geelong,2018,R10,73.0,Home
carlton,2018,R10,45.0,Away
gws,2018,R10,60.0,Home
essendon,2018,R10,95.0,Away
hawthorn,2018,R10,60.0,Home
westcoast,2018,R10,75.0,Away
melbourne,2018,R10,146.0,Home
adelaide,2018,R10,55.0,Away
fremantle,2018,R10,58.0,Home
kangaroos,2018,R10,86.0,Away
swans,2018,R11,91.0,Home
carlton,2018,R11,61.0,Away
bullldogs,2018,R11,51.0,Home
melbourne,2018,R11,100.0,Away
hawthorn,2018,R11,64.0,Home
padelaide,2018,R11,61.0,Away
goldcoast,2018,R11,36.0,Home
geelong,2018,R11,121.0,Away
essendon,2018,R11,43.0,Home
richmond,2018,R11,114.0,Away
westcoast,2018,R11,101.0,Home
stkilda,2018,R11,88.0,Away
kangaroos,2018,R11,141.0,Home
brisbanel,2018,R11,87.0,Away
collingwood,2018,R11,138.0,Home
fremantle,2018,R11,77.0,Away
adelaide,2018,R11,81.0,Home
gws,2018,R11,97.0,Away
padelaide,2018,R12,72.0,Home
richmond,2018,R12,58.0,Away
geelong,2018,R12,96.0,Home
kangaroos,2018,R12,59.0,Away
gws,2018,R12,134.0,Home
goldcoast,2018,R12,26.0,Away
stkilda,2018,R12,55.0,Home
swans,2018,R12,126.0,Away
brisbanel,2018,R12,62.0,Home
essendon,2018,R12,84.0,Away
fremantle,2018,R12,71.0,Home
adelaide,2018,R12,68.0,Away
melbourne,2018,R12,91.0,Home
collingwood,2018,R12,133.0,Away
padelaide,2018,R13,132.0,Home
bullldogs,2018,R13,75.0,Away
swans,2018,R13,72.0,Home
westcoast,2018,R13,57.0,Away
carlton,2018,R13,46.0,Home
fremantle,2018,R13,103.0,Away
goldcoast,2018,R13,78.0,Home
stkilda,2018,R13,80.0,Away
hawthorn,2018,R13,88.0,Home
adelaide,2018,R13,32.0,Away
geelong,2018,R13,65.0,Home
richmond,2018,R13,83.0,Away
westcoast,2018,R14,52.0,Home
essendon,2018,R14,80.0,Away
padelaide,2018,R14,75.0,Home
melbourne,2018,R14,65.0,Away
hawthorn,2018,R14,96.0,Home
goldcoast,2018,R14,43.0,Away
brisbanel,2018,R14,82.0,Home
gws,2018,R14,109.0,Away
bullldogs,2018,R14,75.0,Home
kangaroos,2018,R14,77.0,Away
collingwood,2018,R14,79.0,Home
carlton,2018,R14,59.0,Away
richmond,2018,R15,93.0,Home
swans,2018,R15,67.0,Away
bullldogs,2018,R15,103.0,Home
geelong,2018,R15,101.0,Away
carlton,2018,R15,69.0,Home
padelaide,2018,R15,90.0,Away
adelaide,2018,R15,88.0,Home
westcoast,2018,R15,78.0,Away
goldcoast,2018,R15,60.0,Home
collingwood,2018,R15,99.0,Away
gws,2018,R15,95.0,Home
hawthorn,2018,R15,84.0,Away
melbourne,2018,R15,117.0,Home
stkilda,2018,R15,119.0,Away
essendon,2018,R15,125.0,Home
kangaroos,2018,R15,108.0,Away
fremantle,2018,R15,64.0,Home
brisbanel,2018,R15,119.0,Away
swans,2018,R16,59.0,Home
geelong,2018,R16,71.0,Away
richmond,2018,R16,103.0,Home
adelaide,2018,R16,56.0,Away
brisbanel,2018,R16,120.0,Home
carlton,2018,R16,55.0,Away
padelaide,2018,R16,86.0,Home
stkilda,2018,R16,50.0,Away
bullldogs,2018,R16,59.0,Home
hawthorn,2018,R16,122.0,Away
melbourne,2018,R16,102.0,Home
fremantle,2018,R16,48.0,Away
kangaroos,2018,R16,95.0,Home
goldcoast,2018,R16,58.0,Away
essendon,2018,R16,62.0,Home
collingwood,2018,R16,78.0,Away
westcoast,2018,R16,86.0,Home
gws,2018,R16,75.0,Away
adelaide,2018,R17,112.0,Home
geelong,2018,R17,97.0,Away
stkilda,2018,R17,116.0,Home
carlton,2018,R17,52.0,Away
hawthorn,2018,R17,65.0,Home
brisbanel,2018,R17,98.0,Away
melbourne,2018,R17,119.0,Home
bullldogs,2018,R17,69.0,Away
goldcoast,2018,R17,51.0,Home
essendon,2018,R17,95.0,Away
gws,2018,R17,79.0,Home
richmond,2018,R17,77.0,Away
collingwood,2018,R17,67.0,Home
westcoast,2018,R17,102.0,Away
kangaroos,2018,R17,98.0,Home
swans,2018,R17,104.0,Away
fremantle,2018,R17,59.0,Home
padelaide,2018,R17,50.0,Away
stkilda,2018,R18,57.0,Home
richmond,2018,R18,111.0,Away
collingwood,2018,R18,130.0,Home
kangaroos,2018,R18,64.0,Away
swans,2018,R18,64.0,Home
goldcoast,2018,R18,88.0,Away
essendon,2018,R18,99.0,Home
fremantle,2018,R18,70.0,Away
brisbanel,2018,R18,88.0,Home
adelaide,2018,R18,93.0,Away
geelong,2018,R18,100.0,Home
melbourne,2018,R18,98.0,Away
carlton,2018,R18,52.0,Home
hawthorn,2018,R18,124.0,Away
westcoast,2018,R18,100.0,Home
bullldogs,2018,R18,46.0,Away
padelaide,2018,R18,58.0,Home
gws,2018,R18,80.0,Away
essendon,2018,R19,109.0,Home
swans,2018,R19,66.0,Away
richmond,2018,R19,105.0,Home
collingwood,2018,R19,77.0,Away
geelong,2018,R19,120.0,Home
brisbanel,2018,R19,78.0,Away
gws,2018,R19,86.0,Home
stkilda,2018,R19,61.0,Away
goldcoast,2018,R19,44.0,Home
carlton,2018,R19,79.0,Away
adelaide,2018,R19,77.0,Home
melbourne,2018,R19,90.0,Away
kangaroos,2018,R19,81.0,Home
westcoast,2018,R19,41.0,Away
bullldogs,2018,R19,34.0,Home
padelaide,2018,R19,78.0,Away
fremantle,2018,R19,53.0,Home
hawthorn,2018,R19,112.0,Away
richmond,2018,R20,85.0,Home
geelong,2018,R20,82.0,Away
hawthorn,2018,R20,107.0,Home
essendon,2018,R20,103.0,Away
brisbanel,2018,R20,104.0,Home
kangaroos,2018,R20,107.0,Away
adelaide,2018,R20,96.0,Home
padelaide,2018,R20,93.0,Away
swans,2018,R20,73.0,Home
collingwood,2018,R20,71.0,Away
stkilda,2018,R20,68.0,Home
bullldogs,2018,R20,103.0,Away
carlton,2018,R20,46.0,Home
gws,2018,R20,151.0,Away
melbourne,2018,R20,143.0,Home
goldcoast,2018,R20,47.0,Away
westcoast,2018,R20,142.0,Home
fremantle,2018,R20,84.0,Away
essendon,2018,R21,122.0,Home
stkilda,2018,R21,79.0,Away
hawthorn,2018,R21,71.0,Home
geelong,2018,R21,60.0,Away
goldcoast,2018,R21,51.0,Home
richmond,2018,R21,125.0,Away
padelaide,2018,R21,58.0,Home
westcoast,2018,R21,62.0,Away
gws,2018,R21,106.0,Home
adelaide,2018,R21,92.0,Away
collingwood,2018,R21,104.0,Home
brisbanel,2018,R21,73.0,Away
kangaroos,2018,R21,85.0,Home
bullldogs,2018,R21,92.0,Away
melbourne,2018,R21,78.0,Home
swans,2018,R21,87.0,Away
fremantle,2018,R21,101.0,Home
carlton,2018,R21,72.0,Away
richmond,2018,R22,81.0,Home
essendon,2018,R22,73.0,Away
collingwood,2018,R22,115.0,Home
padelaide,2018,R22,64.0,Away
geelong,2018,R22,158.0,Home
fremantle,2018,R22,25.0,Away
gws,2018,R22,60.0,Home
swans,2018,R22,80.0,Away
stkilda,2018,R22,76.0,Home
hawthorn,2018,R22,80.0,Away
goldcoast,2018,R22,74.0,Home
brisbanel,2018,R22,78.0,Away
carlton,2018,R22,49.0,Home
bullldogs,2018,R22,66.0,Away
westcoast,2018,R22,91.0,Home
melbourne,2018,R22,108.0,Away
adelaide,2018,R22,86.0,Home
kangaroos,2018,R22,77.0,Away
padelaide,2018,R23,89.0,Home
essendon,2018,R23,111.0,Away
geelong,2018,R23,142.0,Home
goldcoast,2018,R23,40.0,Away
richmond,2018,R23,98.0,Home
bullldogs,2018,R23,95.0,Away
fremantle,2018,R23,67.0,Home
collingwood,2018,R23,76.0,Away
carlton,2018,R23,61.0,Home
adelaide,2018,R23,165.0,Away
swans,2018,R23,74.0,Home
hawthorn,2018,R23,83.0,Away
brisbanel,2018,R23,72.0,Home
westcoast,2018,R23,98.0,Away
melbourne,2018,R23,102.0,Home
gws,2018,R23,57.0,Away
stkilda,2018,R23,94.0,Home
kangaroos,2018,R23,117.0,Away
carlton,2019,R1,64.0,Home
richmond,2019,R1,97.0,Away
collingwood,2019,R1,65.0,Home
geelong,2019,R1,72.0,Away
melbourne,2019,R1,61.0,Home
padelaide,2019,R1,87.0,Away
adelaide,2019,R1,55.0,Home
hawthorn,2019,R1,87.0,Away
bullldogs,2019,R1,82.0,Home
swans,2019,R1,65.0,Away
brisbanel,2019,R1,102.0,Home
westcoast,2019,R1,58.0,Away
stkilda,2019,R1,85.0,Home
goldcoast,2019,R1,84.0,Away
gws,2019,R1,112.0,Home
essendon,2019,R1,40.0,Away
fremantle,2019,R1,141.0,Home
kangaroos,2019,R1,59.0,Away
richmond,2019,R2,66.0,Home
collingwood,2019,R2,110.0,Away
swans,2019,R2,62.0,Home
adelaide,2019,R2,88.0,Away
essendon,2019,R2,65.0,Home
stkilda,2019,R2,76.0,Away
padelaide,2019,R2,88.0,Home
carlton,2019,R2,72.0,Away
geelong,2019,R2,126.0,Home
melbourne,2019,R2,46.0,Away
westcoast,2019,R2,104.0,Home
gws,2019,R2,52.0,Away
kangaroos,2019,R2,87.0,Home
brisbanel,2019,R2,107.0,Away
hawthorn,2019,R2,87.0,Home
bullldogs,2019,R2,106.0,Away
goldcoast,2019,R2,61.0,Home
fremantle,2019,R2,58.0,Away
adelaide,2019,R3,75.0,Home
geelong,2019,R3,99.0,Away
melbourne,2019,R3,112.0,Home
essendon,2019,R3,130.0,Away
carlton,2019,R3,74.0,Home
swans,2019,R3,93.0,Away
gws,2019,R3,125.0,Home
richmond,2019,R3,76.0,Away
brisbanel,2019,R3,107.0,Home
padelaide,2019,R3,90.0,Away
collingwood,2019,R3,76.0,Home
westcoast,2019,R3,98.0,Away
bullldogs,2019,R3,68.0,Home
goldcoast,2019,R3,73.0,Away
hawthorn,2019,R3,87.0,Home
kangaroos,2019,R3,71.0,Away
fremantle,2019,R3,71.0,Home
stkilda,2019,R3,66.0,Away
swans,2019,R4,78.0,Home
melbourne,2019,R4,100.0,Away
collingwood,2019,R4,78.0,Home
bullldogs,2019,R4,64.0,Away
geelong,2019,R4,75.0,Home
gws,2019,R4,79.0,Away
essendon,2019,R4,112.0,Home
brisbanel,2019,R4,65.0,Away
padelaide,2019,R4,92.0,Home
richmond,2019,R4,99.0,Away
kangaroos,2019,R4,71.0,Home
adelaide,2019,R4,59.0,Away
westcoast,2019,R4,69.0,Home
fremantle,2019,R4,56.0,Away
goldcoast,2019,R4,59.0,Home
carlton,2019,R4,57.0,Away
stkilda,2019,R4,74.0,Home
hawthorn,2019,R4,69.0,Away
brisbanel,2019,R5,61.0,Home
collingwood,2019,R5,123.0,Away
kangaroos,2019,R5,58.0,Home
essendon,2019,R5,116.0,Away
westcoast,2019,R5,53.0,Home
padelaide,2019,R5,95.0,Away
gws,2019,R5,82.0,Home
fremantle,2019,R5,106.0,Away
melbourne,2019,R5,55.0,Home
stkilda,2019,R5,95.0,Away
richmond,2019,R5,89.0,Home
swans,2019,R5,67.0,Away
bullldogs,2019,R5,57.0,Home
carlton,2019,R5,101.0,Away
adelaide,2019,R5,119.0,Home
goldcoast,2019,R5,46.0,Away
hawthorn,2019,R5,90.0,Home
geelong,2019,R5,113.0,Away
richmond,2019,R6,85.0,Home
melbourne,2019,R6,42.0,Away
essendon,2019,R6,69.0,Home
collingwood,2019,R6,73.0,Away
padelaide,2019,R6,88.0,Home
kangaroos,2019,R6,72.0,Away
goldcoast,2019,R6,62.0,Home
brisbanel,2019,R6,111.0,Away
stkilda,2019,R6,68.0,Home
adelaide,2019,R6,97.0,Away
swans,2019,R6,79.0,Home
gws,2019,R6,120.0,Away
fremantle,2019,R6,88.0,Home
bullldogs,2019,R6,69.0,Away
hawthorn,2019,R6,93.0,Home
carlton,2019,R6,88.0,Away
geelong,2019,R6,104.0,Home
westcoast,2019,R6,46.0,Away
collingwood,2019,R7,108.0,Home
padelaide,2019,R7,69.0,Away
melbourne,2019,R7,79.0,Home
hawthorn,2019,R7,74.0,Away
gws,2019,R7,114.0,Home
stkilda,2019,R7,70.0,Away
brisbanel,2019,R7,103.0,Home
swans,2019,R7,81.0,Away
bullldogs,2019,R7,99.0,Home
richmond,2019,R7,52.0,Away
westcoast,2019,R7,80.0,Home
goldcoast,2019,R7,57.0,Away
carlton,2019,R7,62.0,Home
kangaroos,2019,R7,120.0,Away
geelong,2019,R7,86.0,Home
essendon,2019,R7,54.0,Away
adelaide,2019,R7,51.0,Home
fremantle,2019,R7,34.0,Away
swans,2019,R8,77.0,Home
essendon,2019,R8,72.0,Away
carlton,2019,R8,87.0,Home
collingwood,2019,R8,106.0,Away
bullldogs,2019,R8,92.0,Home
brisbanel,2019,R8,76.0,Away
goldcoast,2019,R8,60.0,Home
melbourne,2019,R8,61.0,Away
stkilda,2019,R8,70.0,Home
westcoast,2019,R8,88.0,Away
padelaide,2019,R8,68.0,Home
adelaide,2019,R8,88.0,Away
kangaroos,2019,R8,80.0,Home
geelong,2019,R8,104.0,Away
hawthorn,2019,R8,71.0,Home
gws,2019,R8,38.0,Away
fremantle,2019,R8,86.0,Home
richmond,2019,R8,111.0,Away
westcoast,2019,R9,85.0,Home
melbourne,2019,R9,69.0,Away
collingwood,2019,R9,112.0,Home
stkilda,2019,R9,71.0,Away
brisbanel,2019,R9,93.0,Home
adelaide,2019,R9,92.0,Away
geelong,2019,R9,133.0,Home
bullldogs,2019,R9,89.0,Away
essendon,2019,R9,60.0,Home
fremantle,2019,R9,53.0,Away
kangaroos,2019,R9,72.0,Home
swans,2019,R9,77.0,Away
padelaide,2019,R9,89.0,Home
goldcoast,2019,R9,51.0,Away
richmond,2019,R9,95.0,Home
hawthorn,2019,R9,59.0,Away
gws,2019,R9,138.0,Home
carlton,2019,R9,45.0,Away
swans,2019,R10,73.0,Home
collingwood,2019,R10,80.0,Away
hawthorn,2019,R10,80.0,Home
padelaide,2019,R10,49.0,Away
bullldogs,2019,R10,90.0,Home
kangaroos,2019,R10,115.0,Away
adelaide,2019,R10,73.0,Home
westcoast,2019,R10,85.0,Away
richmond,2019,R10,73.0,Home
essendon,2019,R10,50.0,Away
goldcoast,2019,R10,64.0,Home
geelong,2019,R10,91.0,Away
melbourne,2019,R10,68.0,Home
gws,2019,R10,94.0,Away
stkilda,2019,R10,68.0,Home
carlton,2019,R10,55.0,Away
fremantle,2019,R10,73.0,Home
brisbanel,2019,R10,72.0,Away
kangaroos,2019,R11,99.0,Home
richmond,2019,R11,62.0,Away
collingwood,2019,R11,75.0,Home
fremantle,2019,R11,79.0,Away
gws,2019,R11,126.0,Home
goldcoast,2019,R11,43.0,Away
geelong,2019,R11,85.0,Home
swans,2019,R11,63.0,Away
brisbanel,2019,R11,85.0,Home
hawthorn,2019,R11,66.0,Away
melbourne,2019,R11,88.0,Home
adelaide,2019,R11,90.0,Away
stkilda,2019,R11,69.0,Home
padelaide,2019,R11,139.0,Away
essendon,2019,R11,74.0,Home
carlton,2019,R11,33.0,Away
westcoast,2019,R11,133.0,Home
bullldogs,2019,R11,72.0,Away
richmond,2019,R12,37.0,Home
geelong,2019,R12,104.0,Away
carlton,2019,R12,78.0,Home
brisbanel,2019,R12,63.0,Away
goldcoast,2019,R12,72.0,Home
kangaroos,2019,R12,99.0,Away
adelaide,2019,R12,82.0,Home
gws,2019,R12,61.0,Away
swans,2019,R12,116.0,Home
westcoast,2019,R12,71.0,Away
collingwood,2019,R12,98.0,Home
melbourne,2019,R12,57.0,Away
adelaide,2019,R13,101.0,Home
richmond,2019,R13,68.0,Away
essendon,2019,R13,96.0,Home
hawthorn,2019,R13,77.0,Away
goldcoast,2019,R13,76.0,Home
stkilda,2019,R13,80.0,Away
fremantle,2019,R13,100.0,Home
padelaide,2019,R13,79.0,Away
carlton,2019,R13,100.0,Home
bullldogs,2019,R13,103.0,Away
kangaroos,2019,R13,68.0,Home
gws,2019,R13,91.0,Away
westcoast,2019,R14,106.0,Home
essendon,2019,R14,71.0,Away
swans,2019,R14,82.0,Home
hawthorn,2019,R14,63.0,Away
melbourne,2019,R14,85.0,Home
fremantle,2019,R14,71.0,Away
stkilda,2019,R14,59.0,Home
brisbanel,2019,R14,115.0,Away
padelaide,2019,R14,67.0,Home
geelong,2019,R14,56.0,Away
bullldogs,2019,R14,73.0,Home
collingwood,2019,R14,82.0,Away
essendon,2019,R15,77.0,Home
gws,2019,R15,71.0,Away
geelong,2019,R15,96.0,Home
adelaide,2019,R15,69.0,Away
hawthorn,2019,R15,71.0,Home
westcoast,2019,R15,77.0,Away
swans,2019,R15,93.0,Home
goldcoast,2019,R15,51.0,Away
collingwood,2019,R15,37.0,Home
kangaroos,2019,R15,81.0,Away
padelaide,2019,R15,41.0,Home
bullldogs,2019,R15,66.0,Away
stkilda,2019,R15,70.0,Home
richmond,2019,R15,103.0,Away
brisbanel,2019,R15,107.0,Home
melbourne,2019,R15,74.0,Away
fremantle,2019,R15,75.0,Home
carlton,2019,R15,79.0,Away
hawthorn,2019,R16,67.0,Home
collingwood,2019,R16,63.0,Away
essendon,2019,R16,76.0,Home
swans,2019,R16,66.0,Away
goldcoast,2019,R16,58.0,Home
richmond,2019,R16,150.0,Away
adelaide,2019,R16,44.0,Home
padelaide,2019,R16,101.0,Away
bullldogs,2019,R16,71.0,Home
geelong,2019,R16,55.0,Away
fremantle,2019,R16,31.0,Home
westcoast,2019,R16,122.0,Away
carlton,2019,R16,100.0,Home
melbourne,2019,R16,105.0,Away
kangaroos,2019,R16,112.0,Home
stkilda,2019,R16,73.0,Away
gws,2019,R16,74.0,Home
brisbanel,2019,R16,94.0,Away
westcoast,2019,R17,77.0,Home
collingwood,2019,R17,78.0,Away
swans,2019,R17,62.0,Home
carlton,2019,R17,69.0,Away
hawthorn,2019,R17,84.0,Home
fremantle,2019,R17,53.0,Away
essendon,2019,R17,86.0,Home
kangaroos,2019,R17,81.0,Away
goldcoast,2019,R17,56.0,Home
adelaide,2019,R17,151.0,Away
geelong,2019,R17,84.0,Home
stkilda,2019,R17,57.0,Away
richmond,2019,R17,94.0,Home
gws,2019,R17,67.0,Away
bullldogs,2019,R17,74.0,Home
melbourne,2019,R17,66.0,Away
padelaide,2019,R17,49.0,Home
brisbanel,2019,R17,97.0,Away
adelaide,2019,R18,75.0,Home
essendon,2019,R18,96.0,Away
richmond,2019,R18,101.0,Home
padelaide,2019,R18,63.0,Away
carlton,2019,R18,99.0,Home
goldcoast,2019,R18,75.0,Away
gws,2019,R18,122.0,Home
collingwood,2019,R18,75.0,Away
brisbanel,2019,R18,87.0,Home
kangaroos,2019,R18,75.0,Away
fremantle,2019,R18,52.0,Home
swans,2019,R18,51.0,Away
geelong,2019,R18,61.0,Home
hawthorn,2019,R18,85.0,Away
melbourne,2019,R18,78.0,Home
westcoast,2019,R18,91.0,Away
stkilda,2019,R18,116.0,Home
bullldogs,2019,R18,89.0,Away
collingwood,2019,R19,66.0,Home
richmond,2019,R19,98.0,Away
hawthorn,2019,R19,60.0,Home
brisbanel,2019,R19,87.0,Away
carlton,2019,R19,87.0,Home
adelaide,2019,R19,60.0,Away
westcoast,2019,R19,121.0,Home
kangaroos,2019,R19,72.0,Away
stkilda,2019,R19,104.0,Home
melbourne,2019,R19,85.0,Away
padelaide,2019,R19,55.0,Home
gws,2019,R19,56.0,Away
bullldogs,2019,R19,113.0,Home
fremantle,2019,R19,66.0,Away
swans,2019,R19,80.0,Home
geelong,2019,R19,107.0,Away
goldcoast,2019,R19,96.0,Home
essendon,2019,R19,106.0,Away
kangaroos,2019,R20,86.0,Home
hawthorn,2019,R20,64.0,Away
essendon,2019,R20,67.0,Home
padelaide,2019,R20,126.0,Away
gws,2019,R20,83.0,Home
swans,2019,R20,81.0,Away
fremantle,2019,R20,95.0,Home
geelong,2019,R20,61.0,Away
melbourne,2019,R20,60.0,Home
richmond,2019,R20,93.0,Away
adelaide,2019,R20,92.0,Home
stkilda,2019,R20,70.0,Away
collingwood,2019,R20,120.0,Home
goldcoast,2019,R20,51.0,Away
carlton,2019,R20,75.0,Home
westcoast,2019,R20,99.0,Away
brisbanel,2019,R20,98.0,Home
bullldogs,2019,R20,80.0,Away
gws,2019,R21,29.0,Home
hawthorn,2019,R21,85.0,Away
melbourne,2019,R21,53.0,Home
collingwood,2019,R21,70.0,Away
padelaide,2019,R21,103.0,Home
swans,2019,R21,56.0,Away
brisbanel,2019,R21,144.0,Home
goldcoast,2019,R21,53.0,Away
essendon,2019,R21,33.0,Home
bullldogs,2019,R21,137.0,Away
geelong,2019,R21,69.0,Home
kangaroos,2019,R21,14.0,Away
stkilda,2019,R21,72.0,Home
fremantle,2019,R21,69.0,Away
richmond,2019,R21,73.0,Home
carlton,2019,R21,45.0,Away
westcoast,2019,R21,90.0,Home
adelaide,2019,R21,80.0,Away
melbourne,2019,R22,42.0,Home
swans,2019,R22,95.0,Away
carlton,2019,R22,78.0,Home
stkilda,2019,R22,68.0,Away
brisbanel,2019,R22,75.0,Home
geelong,2019,R22,74.0,Away
adelaide,2019,R22,48.0,Home
collingwood,2019,R22,114.0,Away
kangaroos,2019,R22,144.0,Home
padelaide,2019,R22,58.0,Away
fremantle,2019,R22,55.0,Home
essendon,2019,R22,87.0,Away
richmond,2019,R22,88.0,Home
westcoast,2019,R22,82.0,Away
gws,2019,R22,65.0,Home
bullldogs,2019,R22,126.0,Away
hawthorn,2019,R22,118.0,Home
goldcoast,2019,R22,48.0,Away
collingwood,2019,R23,76.0,Home
essendon,2019,R23,65.0,Away
swans,2019,R23,109.0,Home
stkilda,2019,R23,64.0,Away
kangaroos,2019,R23,88.0,Home
melbourne,2019,R23,83.0,Away
geelong,2019,R23,129.0,Home
carlton,2019,R23,61.0,Away
goldcoast,2019,R23,55.0,Home
gws,2019,R23,127.0,Away
westcoast,2019,R23,67.0,Home
hawthorn,2019,R23,105.0,Away
bullldogs,2019,R23,121.0,Home
adelaide,2019,R23,87.0,Away
richmond,2019,R23,82.0,Home
brisbanel,2019,R23,55.0,Away
padelaide,2019,R23,110.0,Home
fremantle,2019,R23,67.0,Away
